seg_id,time_to_failure
seg_00030f,4.675319785623113
seg_0012b5,4.822967305727579
seg_00184e,4.6601387708307485
seg_003339,7.278621653784262
seg_0042cc,7.653926208663682
seg_004314,0.0
seg_004cd2,7.632676663005478
seg_004ee5,4.781313489778514
seg_004f1f,7.734918488131708
seg_00648a,4.792057027488816
seg_006e4a,4.755907709521102
seg_007a37,7.751763177954718
seg_00a37e,2.3389383216574515
seg_00be11,4.88692081446556
seg_00c35b,4.629434055983133
seg_00cc91,5.174284368639393
seg_00e5f7,7.705461653116352
seg_00f3b9,5.30858009793902
seg_010eab,7.607504328375741
seg_0125d9,4.781944432417902
seg_0144cb,4.819713532212745
seg_0165c6,7.6229691961472135
seg_016913,2.3870185130175976
seg_016cdb,5.157806735876974
seg_017314,7.595053610840472
seg_01a8dc,7.702171282800375
seg_01c775,7.73452179360674
seg_01ecb0,5.297900493123606
seg_02042f,4.8158040439361365
seg_025e78,7.775120878866721
seg_032822,2.3061454287436796
seg_0339ca,4.71802610601241
seg_037461,2.3405739477987133
seg_038879,7.745650429986883
seg_03d386,2.3403803840259982
seg_03d63e,5.20249713921509
seg_03d680,7.647829439509351
seg_03f380,5.3260607145511365
seg_0445d7,4.708123887489759
seg_046c28,4.703587494087742
seg_0488a1,7.740758452651756
seg_049957,7.611931270618417
seg_04a696,7.5884034142027215
seg_04ae38,4.813643584266027
seg_04b87a,7.588496176810844
seg_04cceb,4.631314252406263
seg_04ee93,7.61815794354129
seg_04fd93,5.200446439700272
seg_0536c9,4.921005465623919
seg_055127,7.686259124633713
seg_05a1b0,4.872083381077445
seg_05a4ad,4.635589448967568
seg_05b66a,7.566941456455002
seg_05bef4,4.826538080045749
seg_05e0d7,4.827383504822322
seg_05f126,4.68052392980902
seg_05f9d6,7.760331159619909
seg_060ce4,4.738822744236774
seg_061a33,7.581827517090758
seg_0620e6,7.6760321222348775
seg_063865,7.6170703708996665
seg_065588,4.869921847321324
seg_06893f,4.794329135321499
seg_06b8c9,7.769191261085352
seg_06bbc5,4.6800360053807175
seg_06d4a2,4.908790707017513
seg_06d7ba,4.825184651870893
seg_070bb0,4.800268702845152
seg_071067,4.881335795423972
seg_073696,7.569170125069954
seg_075340,5.105803374544529
seg_075f77,4.810271860050511
seg_0775a7,2.3407607168317597
seg_077b7e,5.250341371351764
seg_079e34,4.913358658353495
seg_07c815,5.27734003668796
seg_07cd72,4.765881929933565
seg_07f37c,4.884656600260968
seg_07f8df,5.1027070373738095
seg_07fc6d,7.616500842512442
seg_086a61,7.596978327074535
seg_0870ab,7.756530260848715
seg_0879a8,7.689981271197743
seg_08b136,7.67685139927357
seg_08f441,5.335657224001681
seg_08fd5b,4.66665566129679
seg_091c9d,7.511528562497659
seg_093a0a,7.538058393243729
seg_0968f1,7.619742269593786
seg_0981f3,4.850797336733546
seg_09dd59,7.6795197592936635
seg_09ed4e,7.549748661266316
seg_09f0ff,5.210897858847165
seg_0a0fbb,7.621520255166217
seg_0a1bd0,4.603455461917374
seg_0a42ba,7.633462597940479
seg_0a45a1,2.475237786617395
seg_0a97c4,7.707635272964389
seg_0aa0fb,7.650150385916307
seg_0b07c7,7.794707456409689
seg_0b082e,7.791079503685792
seg_0b32f7,4.764979165188077
seg_0b3b94,7.755132086721863
seg_0b48c4,4.8209972838945045
seg_0b4b24,5.346376638216745
seg_0b54ac,4.887176780790421
seg_0b76f5,10.110557969518473
seg_0b9ad8,7.71871118883044
seg_0b9ba3,7.635542700160885
seg_0ba210,7.55945615881223
seg_0ba585,5.224834094092838
seg_0bb5fd,4.7566352742193665
seg_0bc877,4.690849065537009
seg_0be6ee,4.771174994396807
seg_0c12cc,7.6629139024364665
seg_0c1d3a,4.783240441077929
seg_0c247b,7.758031868640483
seg_0c3943,4.791264272124119
seg_0c4e31,4.798312462913238
seg_0c74cf,2.3030717227300634
seg_0c8502,7.735140123389572
seg_0c89ce,7.722622797105956
seg_0c9aa8,7.491484382025396
seg_0cb81b,4.790275563209521
seg_0cca14,2.2944901774922215
seg_0cdcc8,4.928711854031306
seg_0cf651,2.3626753626301387
seg_0d0250,2.2491093011729966
seg_0d04b9,7.693885409479574
seg_0d13a7,4.836219270605223
seg_0d434c,7.738088177589818
seg_0d540e,4.787327339129639
seg_0d663a,7.522511097411087
seg_0d6d68,7.748582759203549
seg_0d762e,7.615983711780473
seg_0d833c,4.686775472653899
seg_0dae4b,4.864368298683701
seg_0dc38f,2.2422347069597706
seg_0dcc40,7.707567784277709
seg_0df469,5.24027502676849
seg_0df75c,7.729676161906458
seg_0dfe8c,4.782299787277587
seg_0e1370,4.818629217717428
seg_0e1fbe,5.17988182923173
seg_0e3739,4.8746532516362
seg_0e3d44,6.313867528321243
seg_0e3ed2,4.864872225870069
seg_0e4833,7.630897900829558
seg_0e7cc5,4.70279355275715
seg_0e8b79,7.609008074679956
seg_0e9987,5.184011699648938
seg_0e9bb3,7.596332634005469
seg_0eb333,4.848396387693111
seg_0ebfd9,4.774693917261471
seg_0f565c,4.910734834388492
seg_0f74a3,4.719553817628622
seg_0f8961,7.756960089241359
seg_0fc67a,7.656878453315391
seg_0fca83,2.2937097847748973
seg_0fd3ff,4.845492784262602
seg_1010ad,7.58976500331428
seg_103b32,4.743449615151858
seg_105cd9,2.5000760153620973
seg_1084af,7.681905911651258
seg_10a595,4.730157612899843
seg_10c09d,7.642517106216394
seg_10f3a6,2.347580862725799
seg_112b81,7.656308195945739
seg_1144bc,7.553121358748712
seg_114b79,5.198450434985364
seg_115617,4.791068292575499
seg_115a92,2.3002311011116916
seg_11647f,2.506098313555505
seg_117278,5.181538506623882
seg_117ff4,4.854096337809445
seg_11860f,4.739636281269398
seg_1201e8,5.1621687324950205
seg_121446,4.685933769629376
seg_121cba,2.295255311239
seg_122ba9,2.2769172823895047
seg_123dd4,7.713297861436523
seg_12ac20,7.566068626665254
seg_12b9ba,7.7160390088049216
seg_12ee6e,4.796301082064463
seg_130e17,4.892069782587033
seg_13468a,4.795659520954098
seg_136285,7.773480350710573
seg_136695,7.689705891879951
seg_137f8a,7.538548760350533
seg_138807,7.709001125862969
seg_13c2f0,4.850949049420292
seg_13e25f,7.632013749776576
seg_140bc5,4.852402433309528
seg_141f34,7.551080919091843
seg_146926,7.5800041551877015
seg_148698,7.715843950943039
seg_14ad27,4.824086730761461
seg_14c054,7.658614212504393
seg_14c371,7.256050383392317
seg_14c435,5.135097646954399
seg_14c89d,7.714478433651307
seg_14c8ce,7.579053208113599
seg_14d1d3,7.699959574751121
seg_14f5f0,7.746785601884024
seg_151368,7.671979297604331
seg_151d92,4.717075952471291
seg_153d6a,7.645040101238868
seg_154361,7.701973275279107
seg_1562cb,7.759636188343045
seg_158691,4.771704456353428
seg_158764,7.769957338387664
seg_15adff,2.29880076364552
seg_15bf25,7.641471124323948
seg_15c9f9,4.8570235081381625
seg_161aeb,7.551720727781296
seg_161f5f,4.65265461288233
seg_162fc4,7.683995830476789
seg_16566c,4.741002156330321
seg_166f70,7.712567544682315
seg_168d1c,7.709889451392053
seg_16a270,7.5670682556643865
seg_16c3a7,5.116492751791538
seg_17067e,4.761418234294522
seg_170684,7.564642536770307
seg_170a0c,7.624664944207748
seg_176542,7.615028131549602
seg_17799c,7.73626669017793
seg_179d90,7.556730975188506
seg_17adc0,4.767455155534089
seg_17d1ff,5.149118543584599
seg_17e596,7.629728278935193
seg_180481,4.623271999198046
seg_18096a,7.660298212157148
seg_1815fe,7.572403157719899
seg_1827c5,7.664487238966
seg_184222,5.2315390195456875
seg_185ad6,7.5423759646080235
seg_18d1d0,2.3737531261578546
seg_18d307,4.8565462102829695
seg_18f633,4.698891707349873
seg_18f853,7.757297324442032
seg_18fb65,2.34989052390587
seg_193404,7.584495070630817
seg_19515c,5.169587089803779
seg_195eda,7.662658764008295
seg_1969c8,7.67868514087286
seg_19b08e,5.156237030194658
seg_19b9dd,7.775090506224332
seg_19e1ff,7.693170789767885
seg_19ec5c,7.524336889126179
seg_1a0e94,7.5707280762674
seg_1a0eca,4.705272215214126
seg_1a671a,2.2865094204403498
seg_1a791c,5.231147400023893
seg_1a8e06,4.8626817336373716
seg_1a8f0d,4.870636235268048
seg_1a8f2c,7.76610285222249
seg_1abcaf,4.765093497096876
seg_1ac9e2,5.184858515401594
seg_1ae362,7.77056021109596
seg_1afa29,4.847557751895925
seg_1b08a4,4.870785431243448
seg_1b1ad8,4.802175755471289
seg_1b2298,7.667966363789882
seg_1b78af,5.177315485489741
seg_1baf33,5.21982587346983
seg_1bd38e,7.5588768966999496
seg_1bf7b3,4.897600877088987
seg_1c401b,4.675781208678245
seg_1c4c5b,4.772479130144026
seg_1c4e72,7.725740914489263
seg_1c849d,4.821936517426089
seg_1c904f,4.7874450870778045
seg_1c929e,2.27971035154345
seg_1cb942,7.802676563333309
seg_1cd352,7.755249054988424
seg_1cf1b5,2.4380519615483713
seg_1d044c,4.727927328212878
seg_1d11e5,5.168204597716375
seg_1d596d,5.169541974480174
seg_1d980f,2.2930703832347596
seg_1da819,2.32822238798585
seg_1db443,7.745776816674843
seg_1db8e8,7.695363517531513
seg_1dec9c,7.675228976567311
seg_1e0523,4.885954817371143
seg_1e0b82,7.749442283014435
seg_1e572b,7.575331827285876
seg_1e617a,5.263984211828946
seg_1e61d6,2.2717087173150183
seg_1e677e,5.217665441005966
seg_1eae76,7.774819591337884
seg_1ebe6b,4.89001760731499
seg_1ece48,2.366240111423682
seg_1eeb8f,4.761459222457184
seg_1ef708,4.709880635018578
seg_1f1e60,7.683571063736549
seg_1f3d44,7.749875183262166
seg_1f3ede,5.223175187578677
seg_1f5240,4.877543670518778
seg_1f7cf8,4.749220827810609
seg_1f9aed,5.145118367037192
seg_1fa983,4.802085659204936
seg_1fc7ab,7.767251360191532
seg_1fe311,7.728328323450107
seg_2005a7,7.683699154439621
seg_2018c8,7.646566019096907
seg_204dc6,4.68617573732142
seg_208ba5,4.815345294960551
seg_2099f4,7.1430483940866765
seg_20a990,2.265055359124773
seg_20b8d0,4.578721181060111
seg_20cbac,5.161555867445598
seg_20cc25,2.312416315397204
seg_20d9de,7.547429879375466
seg_20e9ad,7.758027133252558
seg_210388,7.737206868569912
seg_211299,7.720260480026628
seg_211486,7.644786371700102
seg_214492,5.329892507977835
seg_217eed,2.322445641567633
seg_218049,2.2747162476466762
seg_21eebb,7.748136684625935
seg_21faa9,7.564838416903035
seg_222c5f,4.733587068488825
seg_225320,7.53207910466555
seg_226e60,7.673505252110356
seg_229eda,7.800618160306147
seg_22e509,7.723937190153034
seg_2313d1,7.7555335009639546
seg_232559,7.538677993237846
seg_23323e,4.908107142507836
seg_2367fb,7.60736545946062
seg_238242,7.598517472573535
seg_2383c2,7.746433055840486
seg_2396a2,4.70831284889897
seg_23b123,7.68660167960163
seg_23bdf9,7.6674152408061005
seg_23c947,4.830988708229832
seg_23efb0,7.729450059669647
seg_23f823,4.885862982387186
seg_23fe27,7.707744920903366
seg_241266,5.251689783139444
seg_24157a,4.756829498597735
seg_24458d,4.729576560812939
seg_2465ce,7.619442641834521
seg_247262,4.7951762078248095
seg_24ba8d,7.678200277660384
seg_24c078,5.240404880948379
seg_24c1c9,4.8795693207749355
seg_24e071,4.885191590864945
seg_24f338,4.831709895357623
seg_257b8a,7.728628415145698
seg_2597af,5.186000649680798
seg_259c63,5.19565267404743
seg_259d65,2.335228385895377
seg_259dd3,7.485804091665889
seg_25aa9f,7.6971713767289
seg_25ab3f,4.725504859985573
seg_25b38a,7.6346655974427815
seg_25c8dc,7.740971916230581
seg_25cca7,7.711810382075212
seg_25e76d,4.727332391099045
seg_26049e,7.21160176584312
seg_263deb,2.372988859796454
seg_263fb3,2.2559919815220226
seg_2642d0,4.9142928809353705
seg_2642d4,7.702273443060189
seg_264c7d,7.693558176795726
seg_266805,4.923278694304813
seg_266c6e,4.819116938220139
seg_266d4e,4.804083096413368
seg_268249,4.822015685363212
seg_268625,5.172452153157288
seg_268956,5.210011867302448
seg_26a2a0,0.0
seg_26cba3,5.200928613428109
seg_26edaa,7.2055547842079815
seg_2700bd,7.757638826281623
seg_272a47,0.0
seg_274a1a,7.65717770587284
seg_2774c4,10.656861091304574
seg_279725,7.555957890956769
seg_27a282,4.74293299237431
seg_27b7c8,7.631375870079911
seg_27db4d,7.651843454196339
seg_27de37,7.689161215971691
seg_27f532,7.702128176358192
seg_27ff17,7.749881019729884
seg_280863,2.2724621016484967
seg_280e3b,4.747727973750427
seg_284223,4.718185713368442
seg_284923,7.5152101136707365
seg_287e60,4.828405129313056
seg_287fef,4.7488249774504645
seg_288001,5.284866841155107
seg_2883ec,4.673591715867918
seg_289d99,4.852542128661154
seg_28fc32,7.713959260908105
seg_29022f,4.81291164567258
seg_2916e3,7.60040787628302
seg_293dbf,4.909816027093237
seg_293dc2,4.889972613179605
seg_29475f,4.781530196749676
seg_295b1c,7.674807473727933
seg_2977cd,5.116301171575788
seg_29a073,7.729078760351914
seg_29acb7,5.238636219433998
seg_29c772,7.728887934757104
seg_29c906,5.211841898450741
seg_29d497,4.854235209201423
seg_29d4c6,7.672484361191561
seg_29e799,4.777929696290432
seg_2a0ace,7.230525575903085
seg_2a0afc,4.776127902801553
seg_2a0dc0,7.610229038626212
seg_2a2f1e,7.706046227505066
seg_2a4551,7.653310275947712
seg_2a6343,7.5619455175719725
seg_2a8351,4.9615765378619034
seg_2aa101,4.65005552362107
seg_2abd33,4.7329234919510945
seg_2b2cb3,7.706838356283807
seg_2b372b,4.834371102264914
seg_2b4959,5.146015596527153
seg_2b6d52,7.60391565347938
seg_2ba79a,4.7921478774179675
seg_2bcbde,7.218524624146619
seg_2be983,7.525244392857191
seg_2bf5be,7.644359792550972
seg_2bf9dd,7.561756436852233
seg_2c3203,2.2841380017800716
seg_2c5e9f,7.582710648554594
seg_2c6011,4.82348222483923
seg_2c69e4,7.720252456351327
seg_2c762c,7.629268482931664
seg_2cac57,7.73382607768743
seg_2cadc0,7.739071943467431
seg_2cdbe3,2.3246407584750344
seg_2d3828,7.688825776761641
seg_2d402d,4.785063118747313
seg_2d427f,2.4066266077942444
seg_2d5544,5.15652690339366
seg_2d7cc4,2.3147881708956923
seg_2d92f0,10.117363529061679
seg_2db7dc,4.812938486841784
seg_2dc6ff,4.761179101470665
seg_2dccec,7.731737743614106
seg_2dcd3a,4.864700013581784
seg_2dcd84,7.649303763914945
seg_2dfb91,2.2649578868465454
seg_2e2372,7.597712127926629
seg_2e50fb,2.475647177038738
seg_2e64af,5.20575234240914
seg_2e71dd,2.305544453690036
seg_2e88dd,7.697790551582809
seg_2e917f,7.711517028848952
seg_2e9a47,4.708095425166491
seg_2ea616,4.825401659017105
seg_2eccb9,4.785672839419341
seg_2ece02,5.2650991956669575
seg_2ed79b,4.7955197981055715
seg_2eddf6,7.664657656660619
seg_2ee95c,7.570575840139879
seg_2efd5c,7.5328429947291475
seg_2f1664,7.704801249494077
seg_2f4f14,4.813387880452494
seg_2f5695,5.175910619307885
seg_2f60db,7.515856325167018
seg_2f86cd,0.0
seg_2f8e19,7.223863328931255
seg_2f8f6d,7.568879417851429
seg_2f9336,4.732505153917117
seg_2f9581,5.259245034366881
seg_2fb672,7.693156449627146
seg_2fe382,5.114673117497242
seg_301c1e,4.768735912097259
seg_30207d,7.672290408981873
seg_304581,5.125001607561199
seg_304b87,4.761171168555855
seg_304df5,7.512274433185462
seg_30501b,7.651575562201346
seg_3065ba,5.317148603447382
seg_30661b,5.19250905238415
seg_306756,7.643969449473293
seg_30ad2a,4.861947563307597
seg_30b043,4.830493470960514
seg_30da11,5.348820559378741
seg_30fd84,7.555223346907852
seg_310230,4.787336523052977
seg_31064b,4.736767185572475
seg_311499,4.741876496986697
seg_311b5e,4.850975777202587
seg_3128e6,5.1200895174500864
seg_3151ff,7.740442967516822
seg_31631c,7.591064502115239
seg_316f86,4.792822037196748
seg_318135,2.240302487940369
seg_31a51f,2.3619661435827943
seg_31a6cd,4.865015478630404
seg_31b808,7.715803545063769
seg_31c0f4,7.648438499415741
seg_31d763,4.787912008859967
seg_31d7bf,4.787920254951818
seg_31d810,4.6596049910677735
seg_31ddc5,7.619016795753208
seg_3234ca,5.143329059621706
seg_324447,7.6779823402745215
seg_324537,4.844124130517185
seg_325790,7.727728220689745
seg_326eb7,5.235158710347372
seg_327ed4,2.357286320922171
seg_32906d,4.893392139010798
seg_32ad0f,7.63740318180135
seg_32c904,7.503568159816597
seg_32d747,5.207573917870782
seg_32e763,2.3373158866377857
seg_32f3a9,4.786377894490943
seg_32f6df,7.705385619000685
seg_32f72d,4.741906152730747
seg_32fc4e,7.571618453774855
seg_330579,7.7448858213304845
seg_3319b5,7.524057151819587
seg_331f2b,7.728853100584178
seg_3340b9,7.804107381776602
seg_335170,4.892179481105476
seg_337b8c,2.351547792248553
seg_339f80,7.7458455387820315
seg_33c30d,4.849158370428086
seg_342ce6,7.631015173655355
seg_343571,7.75475515365526
seg_3452b2,5.131624617802702
seg_34a2b8,4.789131007264896
seg_34a8f7,7.551155018352873
seg_34abd2,4.819316197768959
seg_34ef79,4.674248460879735
seg_3506d6,4.887065158924887
seg_35269b,7.205893456330097
seg_355717,1.7695192188587328
seg_355d19,7.594199267986237
seg_35a2d7,10.093320918626388
seg_35b009,2.3598326596515697
seg_35b753,7.672016418222839
seg_35ba8f,7.514072491203445
seg_35c587,5.2323957860021295
seg_35dd45,7.5015516712012165
seg_35ee83,5.32401935735715
seg_36147d,2.2719774676649998
seg_361f5a,7.689729745092384
seg_3631ec,5.172748121449121
seg_3661de,10.1188628743293
seg_369570,4.742819452708035
seg_36b77f,7.5663804814864655
seg_36e32d,7.728823221658175
seg_3706be,4.634731520741969
seg_373a04,7.651818607086495
seg_373ba6,5.179641773869573
seg_37608b,4.741429204391135
seg_3761d0,2.283997628929299
seg_37669c,4.61268996565212
seg_376908,2.537733110188398
seg_377134,4.871249653995783
seg_3788c5,10.122490191903962
seg_37bf85,4.7368761029957565
seg_37f3fb,2.343193735325876
seg_38001b,2.3029307939313988
seg_383b6b,5.203081104238587
seg_383f2e,7.622254226821534
seg_3865bc,4.859719882164107
seg_3878d0,5.231638444072344
seg_389906,7.766125902822463
seg_38ad16,7.6430227264890185
seg_38ee24,7.791370074489846
seg_392019,4.7453520588594635
seg_39300d,4.898158706068779
seg_395e0e,7.523004433836503
seg_397983,7.559916123097198
seg_397dc9,7.504775615381853
seg_398a25,7.788244196934528
seg_39a886,4.779674447925874
seg_39ad50,0.0
seg_3a1600,5.128891932296305
seg_3a22ac,4.84572920394818
seg_3a80c5,7.708649311035678
seg_3a8a76,4.806401766402043
seg_3aca44,2.38338839289629
seg_3adb1a,4.6834095313517174
seg_3ae4d9,4.866033277582012
seg_3af649,7.751258412339977
seg_3b2013,3.239493024378085
seg_3b30fd,7.738726849307941
seg_3b4414,4.908131353888251
seg_3b7175,5.159982898455608
seg_3b7724,7.692754833309014
seg_3b95d2,10.127117206283407
seg_3b95dc,5.225643219490964
seg_3ba485,7.527541943879326
seg_3bb90a,5.131605573805867
seg_3bc9ed,4.802087047770094
seg_3bd97e,7.623502271113697
seg_3bf9ac,2.311075681293829
seg_3bfcf6,4.776863842212654
seg_3c3ddf,4.768066135898941
seg_3c4106,4.703663620862823
seg_3c64fb,4.741406653885987
seg_3c8545,4.714945034268371
seg_3cba49,4.651127071839362
seg_3cbccf,5.105358233492659
seg_3ce740,7.61664221977767
seg_3cfb73,7.616067741819069
seg_3d059a,4.871074936643213
seg_3d06cc,4.634113917886513
seg_3d19fc,4.84961389227788
seg_3d1cb3,4.7401384009083785
seg_3d1f2e,4.792339287473228
seg_3d581c,4.812828143338217
seg_3d6aac,7.713470750202411
seg_3d6e79,7.78325970810147
seg_3d9aa0,4.714326363074385
seg_3db0a8,4.7543012442680315
seg_3e00cd,7.582747636527687
seg_3e55d5,2.3298683613166986
seg_3e87b4,3.235661209685798
seg_3ec967,5.198183859039094
seg_3edf51,5.362437779154758
seg_3f2086,7.54457325569523
seg_3f3689,4.816748108286337
seg_3f3983,4.67774865364866
seg_3f5be6,7.7605079400365895
seg_3f80ef,7.7231586618057335
seg_3f99c8,4.836299037857195
seg_3fb24b,4.797504868857562
seg_3fc7ca,7.596580619698729
seg_3fdae0,7.66298890107875
seg_407b2b,7.7146105637409175
seg_40b3aa,4.794114670791794
seg_40f810,4.769590598606305
seg_411225,5.177478430314174
seg_414d0f,7.634031765983854
seg_4185b3,7.690059660099303
seg_419531,7.847555200108614
seg_419b2a,7.667858930968565
seg_41a267,7.83586212541406
seg_41aadc,4.745153159009957
seg_41ab7e,7.6089438031034575
seg_41be18,7.6368985472560915
seg_41be7d,7.705443787862331
seg_41f45e,7.716430377188088
seg_420bcc,4.799168532893917
seg_420d4e,7.693551366412395
seg_421a96,5.131490613742693
seg_421da1,7.668028154849351
seg_423ebe,5.193709612772645
seg_425462,7.745370268435812
seg_42648c,4.895447824544574
seg_4280d9,7.489640876637063
seg_428d66,4.894647013176732
seg_42c4c9,5.166843370718048
seg_42e7e8,5.174832529374465
seg_42ff14,7.593118618091861
seg_430e66,4.721517323552025
seg_43383f,4.78861317436888
seg_434c96,4.829580681285254
seg_43597f,4.855323189955946
seg_43c6f4,7.597617288164841
seg_440106,7.514328966085415
seg_4401d8,7.685091809322158
seg_441c6d,7.6678096536513625
seg_4435bd,4.929771390658749
seg_447972,4.774143355138067
seg_447b8b,7.48045160316715
seg_447cb3,7.654049358542309
seg_44d3ca,4.8252105440916075
seg_455b16,4.89003101512772
seg_456149,7.606908210991493
seg_457234,7.200167187326382
seg_45838b,5.165824579579397
seg_4587bb,7.649234680471896
seg_45a8a9,4.748464033915212
seg_45b051,4.8065258163985725
seg_45e062,10.619793426420417
seg_45e4ed,5.166834422869693
seg_45e7ad,4.790640553280989
seg_46012e,7.657112525324253
seg_460436,7.760653335358361
seg_461ab5,2.3610649472279377
seg_461b63,5.189701873138031
seg_462c1d,7.215146768065848
seg_464839,4.7848930945007755
seg_468bc9,7.599905948707153
seg_468fdb,4.718323034038562
seg_46a42b,4.851454836269172
seg_46b84d,7.615062306294947
seg_46c6d3,7.646212503838594
seg_46dd7c,5.2699694327225295
seg_4729a7,4.8105566930258465
seg_4743ab,7.659516126560934
seg_4743fa,7.512977165144413
seg_476700,4.884448126181226
seg_476bdb,4.608004059715782
seg_477c83,4.720878563445925
seg_478327,7.730847305840038
seg_47a48f,7.69221278054405
seg_47d374,4.812077069923511
seg_47fed6,7.59556862624339
seg_482745,4.995476815973932
seg_4848e3,4.772824637223049
seg_484901,5.119279120782657
seg_486973,4.857118634555761
seg_48a4b3,7.700485682777758
seg_48a80c,4.956772379543898
seg_48b545,7.635352367438875
seg_48feba,2.3332006178860745
seg_490092,7.564163211678284
seg_490d6e,7.63542942174027
seg_492dc6,4.877569775868455
seg_49322d,4.6009156482873905
seg_49336f,5.226897558810801
seg_495573,7.571877270797504
seg_496d07,4.732227357835308
seg_496dad,2.254414907143744
seg_49b0cb,7.681677369629806
seg_49d84b,4.743252154388459
seg_49fdf0,7.619224449268254
seg_4a2525,7.629334751694799
seg_4a6096,4.873629489553869
seg_4a719c,4.69850426446143
seg_4a91a9,5.231549210494897
seg_4a9e6b,4.723628399807481
seg_4a9e8d,7.497148862818834
seg_4ab7bf,7.508160337567306
seg_4abc29,4.878715452536294
seg_4acc4b,4.899814892787267
seg_4ad5a2,7.770127308127309
seg_4ad674,5.148905259332896
seg_4adeda,7.631787675154403
seg_4ae37c,7.69532987489038
seg_4ae712,10.120207847545826
seg_4b0839,4.8116206059308375
seg_4b4c91,7.633907158293335
seg_4b4ffb,5.231763478980188
seg_4b8044,4.834878515862858
seg_4b953a,2.322583106756017
seg_4ba3d1,7.687400085953801
seg_4c067a,7.698797221977625
seg_4c12b2,2.597526974783566
seg_4c18e2,4.861155734536029
seg_4c3a2b,7.697613365584726
seg_4c4995,4.718504498517092
seg_4c65e6,7.2706073744167
seg_4c8db6,7.502511437625758
seg_4ca6de,7.585057131214196
seg_4cb0d7,7.678940024873249
seg_4cb9c6,2.2968256155989195
seg_4ce234,4.682646541960128
seg_4d0008,7.75659301685352
seg_4d0041,7.61782315925543
seg_4d0c45,5.191949607413411
seg_4d18f4,2.356844698721005
seg_4d2671,7.685323894547839
seg_4d53c2,10.135263947072618
seg_4d5a4a,2.3424390138544275
seg_4d7c56,5.186066555649752
seg_4d8f0f,4.879414171027538
seg_4db886,7.557013652699364
seg_4db997,4.861673880981684
seg_4dbbd1,7.747840743238953
seg_4ddddc,4.718507939632449
seg_4dfa03,4.77819537191629
seg_4e0c4a,7.552512635065463
seg_4e2c66,2.3227747223759465
seg_4e3bd7,2.6175926229468764
seg_4e627b,5.080345558417157
seg_4e9646,7.6118551958944956
seg_4ea3fa,4.760096141765402
seg_4ea81c,4.888405605066826
seg_4eb127,2.6526120452284623
seg_4eeaef,4.854617320111048
seg_4eef28,7.233988956475608
seg_4f48b4,4.865380237726741
seg_4f5931,7.559322310180775
seg_4f76a2,7.776288438427084
seg_4f83a3,7.717135284582785
seg_4fa87d,7.540959566521554
seg_4fce5b,4.911213960915228
seg_4fd191,2.2618407913092113
seg_500108,7.692622871135859
seg_5009d9,4.8114327160427965
seg_500c80,7.750214300529684
seg_502fab,7.681557360457871
seg_507065,4.749564223616698
seg_5090fa,4.688028651771031
seg_509d55,5.304990567827129
seg_50a667,2.4176248004428302
seg_50b048,7.622168080353633
seg_50e270,4.659662691152615
seg_511d25,7.570447545518787
seg_512b3e,7.565837794592465
seg_514543,4.880578085247025
seg_5147e1,5.116597882995356
seg_514b85,7.72186854652818
seg_5165a4,7.674141367487103
seg_517345,4.716923044431013
seg_517425,2.2873511060023652
seg_51865e,4.833888955545026
seg_518b1e,2.2871244091167036
seg_51b68c,7.670645436417244
seg_51f0a2,4.752807813953577
seg_51f6fd,7.829815759764214
seg_521a88,4.626307072854953
seg_523945,4.8117366082232955
seg_524b39,4.765487087395369
seg_5254ce,7.688520465217463
seg_5255c0,4.635577993450628
seg_52636c,4.657864268377608
seg_529be4,5.210521744499502
seg_529c99,4.867926326531489
seg_52c139,7.551919348975693
seg_530a02,7.743744362822802
seg_53103b,4.6955612269106695
seg_5311d1,2.467248320204728
seg_533613,7.49123399371679
seg_53498a,4.842586595502533
seg_53a557,5.130855864128087
seg_53a5fd,7.673474187818499
seg_53bdf5,7.586057625663377
seg_53caf1,7.607967055380829
seg_53d818,5.259722680023277
seg_53e645,4.812505209723291
seg_53fa13,2.373816563074616
seg_5407b0,4.885410365465017
seg_5445bc,5.162798517546017
seg_54490e,7.247867987934052
seg_545fda,7.584938622591439
seg_5467c8,7.671228535313464
seg_546864,7.840319203465064
seg_5470ca,5.1403536432864225
seg_5495ca,2.482360839687459
seg_54af0d,2.379308118300397
seg_54b0ee,4.686723493828165
seg_54d0f3,4.845372702233927
seg_55239a,4.8701918290008805
seg_552b8e,7.5098642712374435
seg_5559d9,4.840810102223109
seg_555f63,4.7165666698284525
seg_5597ed,5.205160146610563
seg_55a0c3,4.832093954508945
seg_55a9a4,7.718047699263558
seg_55b566,4.787937868338556
seg_55d50b,4.793675536153197
seg_561cf4,2.480343321734331
seg_563059,7.796509465098346
seg_5639b3,5.211562201900287
seg_566efe,7.646007385943319
seg_56e3e7,7.602893230849821
seg_56e6f1,7.777857549121814
seg_56ebc7,4.850006237635364
seg_570a20,4.831062278971977
seg_570d69,7.746613019422034
seg_572172,7.595949614604592
seg_5759c9,7.6099279731611595
seg_5765b6,7.675418791774074
seg_578e84,7.659916809831712
seg_57908c,4.838297964717823
seg_57b6c0,7.742740237795957
seg_57dd68,7.612403787780684
seg_57ea44,4.8651167024686615
seg_580b65,7.609314641438525
seg_581fac,2.3344870617857865
seg_585872,7.664834116522796
seg_586726,4.694480782904893
seg_586c0f,5.22192535139342
seg_5887a8,7.617753719615212
seg_588f61,4.71244039610454
seg_58d52d,7.224822001148212
seg_58e74b,4.930657529525401
seg_58e9f9,7.604890136804288
seg_58ea74,7.511205233800277
seg_59058a,4.789492982931611
seg_590fa5,4.6732325608583345
seg_591954,7.626899494011029
seg_5924f5,4.754799201768794
seg_592807,7.7524676341086
seg_593c34,5.1679275419457635
seg_5965d8,4.811944739943959
seg_596ae3,4.76639862457678
seg_5975f4,4.8508076868685315
seg_597bd6,7.638336399972488
seg_59818b,7.616161744232624
seg_59cd7d,4.864398431534969
seg_59cfdb,7.597293420020531
seg_59d484,7.725636886703912
seg_59de0b,2.207095467289502
seg_59e1db,7.61629686815024
seg_59eb97,4.77982881490699
seg_5a0479,7.62553953665039
seg_5a1adb,7.734471254379855
seg_5a242e,4.703118258360924
seg_5a67b5,7.640569261451102
seg_5a947e,5.181459937725107
seg_5abfdd,5.134924112609822
seg_5ad847,4.845848582971058
seg_5b392b,4.765853264262555
seg_5b7325,4.7441142973973065
seg_5b8c39,4.875887388062683
seg_5bc0b0,4.643225516512725
seg_5bd9ae,4.722247459846155
seg_5bdb47,4.8161027302304245
seg_5bfbf0,4.833375358542423
seg_5c0929,4.881742325532418
seg_5c1a4d,4.839670219376192
seg_5c530f,4.865195459320365
seg_5c57a8,2.8042501228670424
seg_5c8ae5,4.843347188048609
seg_5c9077,7.604601019393261
seg_5cd98b,2.392572101060683
seg_5cde88,2.2331191750183237
seg_5cfba9,7.580319723916638
seg_5cfdc4,4.5894562958611225
seg_5d333e,7.526789945812201
seg_5d45db,7.689029676577457
seg_5d92af,4.696192445291057
seg_5d94b2,4.783940699286026
seg_5e020f,4.800208824133049
seg_5e0902,4.919715993130895
seg_5e1bba,7.644389342919869
seg_5e541f,2.2497008480233625
seg_5e635a,4.87436363087232
seg_5e668a,7.700611017286205
seg_5e70a7,7.549843228595668
seg_5e7abf,5.294034490947826
seg_5e8ef4,7.5537467426326295
seg_5eb380,4.8067911337961995
seg_5ec0e3,7.5486971676506265
seg_5ed47e,7.592082228553071
seg_5ef47e,4.743225515246705
seg_5f0a92,4.841230532017004
seg_5f24d3,7.675541834313767
seg_5f352e,4.749129351052138
seg_5f355e,7.63024447071545
seg_5f46a5,7.721270624109287
seg_5f7fd9,5.203121465453549
seg_5fe414,4.853505945337135
seg_60277f,4.8488310638631535
seg_6074f9,4.827251025772052
seg_607559,7.62794963805703
seg_60ab20,7.7641573100658
seg_60b696,5.100490892236776
seg_60dacd,7.628808216735981
seg_60df2a,4.642939050076247
seg_610379,5.188334853417842
seg_61219c,5.134484901744038
seg_613702,4.8596288458383246
seg_614b50,4.833922798135093
seg_6153ca,7.180830664533691
seg_6167f0,7.744221758091532
seg_616c8b,10.082009118358968
seg_61b50d,2.321584199962391
seg_61f504,4.950325463262914
seg_620ee4,7.725681727390937
seg_622e9d,4.9114114119297785
seg_62331a,4.943154032869067
seg_6262c4,7.5977454529788755
seg_629822,4.889037210811711
seg_62a403,7.537315514218536
seg_62c582,4.731749264812665
seg_63130f,7.654619296488351
seg_633651,4.82093980791263
seg_634180,4.914788032727673
seg_634f05,4.736690183063857
seg_635770,7.72760508135679
seg_63582a,7.696962821637985
seg_63c13d,7.7162363020657665
seg_63c518,2.248302172751899
seg_63c8e4,10.078519375573867
seg_63c983,5.222479424604261
seg_63c9a3,4.652710936809232
seg_63d651,5.139652718648655
seg_6422d1,7.61892970985101
seg_643d1f,4.764664531756683
seg_643f86,7.650452521158137
seg_64bcb9,7.599204919966027
seg_64be5d,7.712823465539335
seg_64be91,7.608196493743307
seg_64daae,4.8728544342439175
seg_64dcf0,4.722043320286808
seg_64f8dc,7.700156425633896
seg_650de2,2.421785503648188
seg_651808,4.873236959541417
seg_652cc2,4.856943597753279
seg_655780,2.336558875482879
seg_655ad6,7.583236294149938
seg_655cae,4.798930924059938
seg_658bf4,4.890361955425693
seg_659ff8,4.852630057893547
seg_65b962,5.1100085932860235
seg_65c4e1,7.690790175061473
seg_65ef95,4.861767736868529
seg_65f01e,7.490190929042676
seg_65fbac,4.630310066281822
seg_660fe1,5.312980249159699
seg_660fef,7.638802797479061
seg_661629,4.8645970247677806
seg_666056,4.88326345858224
seg_6681ee,4.915894877101472
seg_66820a,4.769481207615085
seg_6696d0,2.3151391221009874
seg_66b7c3,7.554547954464207
seg_66e45a,7.75162654316472
seg_66ed4d,2.403481442406548
seg_670bde,2.4188470800204556
seg_67330f,7.750607446674644
seg_673c60,4.913647865961371
seg_67599b,7.609104755429575
seg_679dd2,7.739379824801063
seg_67aa76,7.74309099662316
seg_68102c,7.741781831000798
seg_683ddf,7.711457553262239
seg_686edc,7.7922367821717025
seg_687a5c,4.828990539564703
seg_68a484,7.53962180323094
seg_68da94,4.800220111817042
seg_691a72,4.765940321067427
seg_692e7a,7.607625393523348
seg_6951e0,4.866270980862735
seg_695380,4.822708810097614
seg_696621,7.701636635310573
seg_6968c8,4.857868575276806
seg_69787a,7.573343772940383
seg_69a230,5.272985292218669
seg_69a53e,7.802065093493537
seg_69dbad,4.707239058982896
seg_6a05e7,5.1451289760706675
seg_6a116b,4.793584349418129
seg_6a26de,2.301591662302492
seg_6a45a0,5.1617805350502834
seg_6a4ad1,7.645992740914398
seg_6ab188,4.6761641433765995
seg_6ac67a,2.297328936433292
seg_6ac82a,4.828263494513962
seg_6ae32d,2.3116794712246005
seg_6b0107,4.724899741226434
seg_6b2ce0,7.629393890409538
seg_6b3a9d,4.852534229524377
seg_6b4e04,7.484659984163104
seg_6b536d,4.788754020532707
seg_6b9511,7.25015185069954
seg_6b9d02,4.91283498162667
seg_6be48e,5.204524561825851
seg_6c292b,4.687686141981356
seg_6c309f,4.961653176607749
seg_6c34c2,4.866872274924988
seg_6c8a45,5.155939370961324
seg_6c909f,5.171377123285421
seg_6cfb76,5.16316850166486
seg_6d01a3,7.717984356397135
seg_6d35cd,4.786338887653676
seg_6d36a1,7.685926942212383
seg_6d4109,7.735280365597067
seg_6d4fa6,4.852352858400668
seg_6d6fad,4.859982411407978
seg_6da1ff,4.74391296317175
seg_6dac5d,7.548333624020085
seg_6dd0fc,5.16648049277264
seg_6de4fd,7.472465972996556
seg_6de935,7.502460640199148
seg_6df48e,7.7420380554694574
seg_6dfab7,4.7990282428449635
seg_6e12ae,7.69252172555573
seg_6e12ee,4.696203100736849
seg_6e1ee7,7.65407092823521
seg_6e572a,4.895608803416369
seg_6e5a38,2.4552649236241706
seg_6e7f73,7.54257804176876
seg_6e98aa,5.131494101182664
seg_6eb146,7.776917374915836
seg_6ed49a,7.67942017377106
seg_6edcb8,7.786400611797829
seg_6eedcc,7.509867473535781
seg_6f17de,2.6972151521305356
seg_6f2222,2.363970589225719
seg_6f3d90,7.777027425292561
seg_6f60b2,4.7683924256438
seg_6f650f,7.698772750418353
seg_6f9a98,7.581386562473645
seg_6fb17f,4.694845260337704
seg_6fc3ef,7.261288604966042
seg_6fc8b3,7.700818731465631
seg_6fd5bb,7.588715752195423
seg_7012af,7.569177154977364
seg_7020c5,7.5793470033706445
seg_702e03,2.2706330442512694
seg_703cea,7.704850930121337
seg_705463,4.727192576693662
seg_708349,7.613179894596927
seg_70991d,4.857423770754746
seg_709b6a,7.550747497430013
seg_709d08,7.646763161988606
seg_70a60e,7.7415178644306
seg_70b375,4.694525923214634
seg_70be4d,7.195303542416109
seg_70e891,4.8086320483630605
seg_70edf5,7.632157098952986
seg_70fb30,7.565155426173206
seg_7120ac,4.624399202468112
seg_71238c,7.701338376369437
seg_71348a,2.4066671545830545
seg_715e2c,7.6492966392234685
seg_715ff6,7.608819557157995
seg_7189ca,4.689168841611512
seg_718b53,2.2933637619380143
seg_71936f,4.729451271704132
seg_71b4e0,4.692844716834511
seg_71b975,4.846116930286938
seg_71c9e9,4.905432384579116
seg_71f571,4.780124624045362
seg_7211f1,4.738628009636992
seg_724df9,0.0
seg_725772,7.591430068256644
seg_725e84,4.753548028971194
seg_727fc7,4.856915436082099
seg_72858d,2.4561837135490947
seg_72859b,5.108751097238933
seg_72aba8,4.7643075349620485
seg_72b68c,7.684165295076095
seg_72c307,7.607369252360225
seg_72ebda,4.6444207986871255
seg_72f40a,7.2259538741679314
seg_730ebe,5.192912801484537
seg_734a88,7.718850250945348
seg_73565e,4.889382283365585
seg_735cdd,4.766431110480022
seg_73858d,7.603225804377875
seg_738be6,4.694281886279391
seg_739643,4.6673817571987755
seg_739679,4.774330890443576
seg_739856,7.7466885193348425
seg_739fb0,4.853975582736833
seg_73ab4a,2.3754875689958475
seg_73b0f7,7.566882915882047
seg_740837,4.670275378234866
seg_741fc1,4.705719209251026
seg_74235f,4.777675762302962
seg_7428e7,7.686453350181431
seg_743775,7.6346359550561775
seg_74537f,7.772355201218234
seg_746d1d,5.131595659109498
seg_7480f4,7.218637953076799
seg_74b264,2.3392115546228958
seg_74b3bd,4.7378304626989465
seg_74ce61,7.714129944769551
seg_74d58a,7.729881333848196
seg_74d8cc,7.715339980176116
seg_74dda9,7.649658776888199
seg_74f330,2.2676017918810665
seg_74fcfc,7.651631251492967
seg_74ffde,7.636061469486068
seg_750244,4.7039084661506045
seg_750c93,4.868620162508325
seg_750d20,4.7485794089191895
seg_750e7e,7.699283818333296
seg_75211e,4.845828963672838
seg_753190,7.7322477117880055
seg_753ba6,2.340996989814755
seg_7540f3,4.757899555737167
seg_75438e,7.6869061947359825
seg_755d50,5.1358469106704305
seg_75654d,2.3058220435837278
seg_758374,2.2976398353751932
seg_758ca4,4.808538605506618
seg_759fb1,7.700081742782912
seg_75a878,7.6893063104299255
seg_75c34b,4.851675999431983
seg_75cd6a,5.134906979400908
seg_75dc3e,4.856719509316868
seg_75e669,4.815286997764165
seg_75e93c,2.2787158374583605
seg_75eb90,4.687303618102476
seg_75ffc9,4.677159364371949
seg_760d70,7.734621060081906
seg_76106f,7.55577911496632
seg_762188,7.732541789916626
seg_762be4,4.749448400326985
seg_7630c5,7.7248304198300115
seg_766e42,5.197840965799715
seg_76b76f,7.71813911450387
seg_76c2fa,4.816590534741678
seg_76d16c,4.5808123403085155
seg_76e914,7.759892491090479
seg_76f1af,4.794395723376169
seg_76f3f2,7.552298721061616
seg_76f76d,7.788339849685334
seg_774ad2,5.150661988280403
seg_77bf79,2.3006757897583974
seg_77c546,4.797762927222966
seg_77db7b,7.486259907546268
seg_77dbe7,4.891854173783079
seg_77df38,7.673182607599829
seg_77e7bf,2.2745088620392337
seg_77ea14,5.183218485018932
seg_77f9e3,4.822407575708571
seg_77fe77,7.706765217838216
seg_7848f8,0.0
seg_7862ed,4.805300849648409
seg_786ff6,7.629817724182889
seg_78852d,7.631775234389133
seg_78addc,7.561678527141487
seg_78d817,4.783589607793733
seg_78db0a,4.65889085876729
seg_78ded2,4.746232549307132
seg_78fc4b,7.682409741571114
seg_790108,7.692138345756254
seg_7949da,2.297332647939502
seg_79c47a,4.798440136595435
seg_79dc90,4.689209480125136
seg_79e301,2.2432962241668513
seg_7a09ec,7.653187240019708
seg_7a521c,7.717287912368116
seg_7a5243,4.647351368672673
seg_7a9228,2.377701884422013
seg_7a9f2b,0.0
seg_7aeca4,4.696586448647093
seg_7b0936,7.50607068726662
seg_7b2994,4.788267313788403
seg_7b3017,7.657365521415949
seg_7b5f90,4.727269894707671
seg_7bb771,4.683983644094102
seg_7bec10,7.716085495909267
seg_7bf143,4.851696908284209
seg_7c0376,4.94129325478762
seg_7c10c1,4.859715792475226
seg_7c2beb,7.581540759640863
seg_7c2c48,4.873868897870187
seg_7c6c31,7.622892790273847
seg_7c88d1,2.284069353161293
seg_7c9433,5.1943886893461055
seg_7cb417,4.749377796730853
seg_7cbb45,4.859257586261732
seg_7cd6b1,4.8544767179876445
seg_7cdfe5,2.331500967953449
seg_7ce9cb,4.640378232219685
seg_7cef95,7.628204824960807
seg_7d17eb,7.4831159019780245
seg_7d2535,4.821106482128458
seg_7d2e57,4.718882234298039
seg_7d65c7,7.645758586607096
seg_7d718e,7.63156295565039
seg_7d88e3,7.625511997563567
seg_7d994f,2.25001206666078
seg_7ddc30,7.507954449688109
seg_7df3dd,7.693389296361049
seg_7e3b3e,2.3014290732880163
seg_7e9eb7,10.097020447369456
seg_7eb108,7.725944712853876
seg_7ebdc3,5.1239532624139645
seg_7ed2dd,4.930943541487807
seg_7ef97b,2.3508906333047754
seg_7efdd5,7.610280061081825
seg_7f3ab0,5.201158059410528
seg_7f5b6f,7.587486807033796
seg_7f786b,7.733542892945746
seg_7f93b2,4.662895229053781
seg_7f9b3a,5.203994932634114
seg_7fa6ec,0.0
seg_7fac26,7.632551792896418
seg_7fd3a3,5.138100739237645
seg_7fd6b7,7.753548307597681
seg_80211c,7.528522551969479
seg_804fb5,7.7761612416467045
seg_80622d,7.6844263652119515
seg_807901,2.281767300789994
seg_80b9b4,7.722365031026225
seg_80fb86,7.745088882527984
seg_812962,5.253916657110709
seg_812a50,7.76341069466827
seg_813aab,4.820907397880477
seg_814b1f,4.804917761164637
seg_816b7a,4.918286373691883
seg_818382,7.667773803978909
seg_81a8ea,7.687157651850175
seg_81bebd,7.669434578583834
seg_81c1a6,7.52977218017474
seg_81c432,4.833627995539242
seg_81f798,4.873568410175038
seg_8200d2,5.348654600745746
seg_82303e,4.813440377607137
seg_82316b,4.980350657062029
seg_8244bf,4.857597712855808
seg_82456a,2.626092736729742
seg_826208,7.650550309152198
seg_827804,5.117969506931139
seg_827a21,5.119725383174927
seg_827c07,5.263053687263659
seg_82c138,7.6040896115974235
seg_82ce27,4.7804790900944365
seg_82d7b6,4.811342980014688
seg_830cff,4.8263816495694645
seg_8310ea,7.779305263319731
seg_8324a4,4.723916143368527
seg_8328f5,5.125624125321091
seg_832a4d,5.147196609145354
seg_8344ee,5.113167940003905
seg_8353f5,7.629114639302994
seg_836aac,4.9156790330273985
seg_836ef0,4.725816646514232
seg_83bef8,7.7661354568878345
seg_83cb2c,5.108228785319358
seg_83dc2e,10.11555440923029
seg_83ef67,7.745897270140691
seg_83f476,4.844724088475143
seg_83f89e,4.70943361643911
seg_83f928,7.6364139455333255
seg_8456d3,4.764716534633719
seg_845a2a,7.747507812192181
seg_8472f3,7.484348888940886
seg_848695,2.2813104594105518
seg_84a65d,7.59757490656005
seg_84b9d9,7.709475550201979
seg_84c7fb,4.742252064345333
seg_84fc12,7.5315225839360505
seg_8509db,7.615441404810552
seg_850d95,4.82832289196662
seg_8515fd,7.706933621182058
seg_853302,4.66201318207095
seg_854d91,7.60888171053306
seg_857304,5.182999396228
seg_85762d,4.721443374270869
seg_8599ec,2.3149142988526883
seg_85c1c0,5.202360123133804
seg_85e90e,4.646523983627951
seg_85e9c6,4.710576597878056
seg_85fb0a,4.798103588458243
seg_864fcf,5.334655373348838
seg_8658b3,7.61942849962211
seg_86720f,7.6041143227892025
seg_8681aa,7.674706907013757
seg_86892f,4.855586977491614
seg_868c85,7.710532469458267
seg_86cfe9,7.672889800294033
seg_86d847,10.131367772277436
seg_86e874,4.765764263099962
seg_87232d,7.181925685969066
seg_876904,7.776116135353162
seg_8773cf,4.902507859165922
seg_8777bd,7.54836329543361
seg_8785e2,4.758450525160097
seg_878d2c,7.556926821784577
seg_87a616,4.879276879559118
seg_87a67a,4.604204359494624
seg_87e4e8,2.875101137373054
seg_87f6c8,4.6881176312542685
seg_8826f4,2.321387938445529
seg_885f53,7.742737256884505
seg_8866f0,4.80373751875638
seg_88a81d,4.853310662939631
seg_88b289,7.513070767114447
seg_890181,7.629438939451964
seg_89791c,4.794770251722063
seg_89885a,5.111682224908753
seg_899bf0,4.83761703862408
seg_89b090,2.2084802447419953
seg_89d8a0,7.74750410647046
seg_89e207,4.746429717767819
seg_89eed6,4.911220297112715
seg_89f975,4.906998265990511
seg_8a3306,7.75559732041177
seg_8a41bf,4.773158721444702
seg_8a6b0e,4.7231892277673175
seg_8a7201,4.891117985628183
seg_8a8220,7.646963033490724
seg_8a8375,7.634310564560142
seg_8ab3a7,4.9951953763706936
seg_8ae847,7.7439459257938665
seg_8aeb99,7.556115045501402
seg_8b39c4,7.551754074133305
seg_8b798b,7.737022068259291
seg_8baeab,4.883460641035185
seg_8bc20c,2.462774837680179
seg_8bde47,7.64806326656759
seg_8be2da,4.74563283406799
seg_8be76c,0.0
seg_8bec6f,4.73420044635105
seg_8bf229,4.730832132283114
seg_8c0114,4.8683550644752405
seg_8c1760,7.653378197113392
seg_8c1cca,4.868566258443456
seg_8c1e7d,4.835254936948337
seg_8c341c,7.576211280676674
seg_8c6d4e,4.728240068352674
seg_8c6e34,4.747967031902235
seg_8cd159,4.766680754294171
seg_8cdf83,5.145581484632183
seg_8ce632,5.21058864698499
seg_8cf573,4.674976884009926
seg_8d030a,5.12563065104022
seg_8d135f,7.690637704170035
seg_8d3a9d,7.178991179849723
seg_8d4435,7.729162400238039
seg_8d4965,7.676319421595084
seg_8d5113,5.18714936699031
seg_8d6578,4.8145476533356995
seg_8d6a7d,4.862130927590883
seg_8da61a,7.231078507053535
seg_8db6f0,4.724240094970597
seg_8dcf3c,7.5441536315927245
seg_8dd2ab,4.7330885030967895
seg_8dd3ba,5.196600262041363
seg_8dfc7e,2.2473637484577402
seg_8dfd7a,5.062042745878147
seg_8e5704,7.595606707838609
seg_8e6a3f,7.755435903680203
seg_8e7194,4.754937156142301
seg_8e7fca,4.7010915528343595
seg_8ebdea,7.690103153677816
seg_8f1127,1.918552628443699
seg_8f25b0,7.649460667029048
seg_8f3247,4.71373602647644
seg_8f3dfe,4.792301357406828
seg_8f4654,4.821857049187132
seg_8f4781,4.829014545133182
seg_8f5589,4.71235364736032
seg_8f592b,7.703265824156897
seg_8f6284,2.29267613099951
seg_8fb0d0,4.700189296960524
seg_8fb29e,7.54480425737532
seg_8fb828,7.622284805034237
seg_8fc754,7.620073470322442
seg_8fd465,5.296233851134767
seg_902074,7.648865290086507
seg_902bc1,7.554473586439549
seg_903aba,7.647955948024917
seg_907c52,7.697323328931789
seg_90a0be,4.8322205754945955
seg_90b174,3.194908596202257
seg_90bf60,7.499529578379866
seg_90c258,10.135433260032315
seg_90e904,4.787677992501386
seg_90ec68,7.275430635199978
seg_90ef18,7.697407576576655
seg_911066,5.22166398057497
seg_9122aa,4.797474993128315
seg_913ffc,7.707225200150564
seg_914a62,2.3084495686197535
seg_91596c,7.702440570196176
seg_915b3e,5.116297579754162
seg_91607c,2.2725132697863977
seg_919a6a,2.3642016349522414
seg_919c5c,2.385586467468137
seg_91bf8c,5.385142554236014
seg_91cff2,2.274301710068702
seg_91eaeb,7.794208409350782
seg_91f512,5.238313084396557
seg_91f664,4.7588833221281615
seg_91fc29,4.788555063393913
seg_920132,4.649939269664372
seg_92092a,4.730547395653284
seg_922914,4.803572871077645
seg_922990,4.85356288712312
seg_92310f,4.762780472522028
seg_929ded,4.705779788985701
seg_92a5f1,7.719050169476402
seg_92af10,7.622895709071548
seg_92b095,2.408962344478809
seg_92bd37,7.677952108927915
seg_92be9f,7.713722473412293
seg_931244,7.218042677315182
seg_93211c,7.6164522804046495
seg_932828,7.6233040499138
seg_934087,5.34802503618185
seg_939f5c,7.779044810689554
seg_93d864,4.77644593517722
seg_93f935,5.181396430821668
seg_941759,7.6189476776496186
seg_943de0,7.500745457149726
seg_944c98,4.892605636045159
seg_945bc8,2.2763128649434883
seg_946d71,7.63088746029597
seg_946d9a,7.754104437666443
seg_947700,5.129669263506653
seg_9485c0,7.71458549431599
seg_94a133,4.7466186842480145
seg_94aa0a,7.671622390534326
seg_94c48c,7.790305826854649
seg_94d150,5.332727550410018
seg_94d573,7.61875651932389
seg_94ecad,7.540171680447754
seg_950048,4.6196550284293885
seg_952faa,4.778490513554322
seg_95357d,4.84051832632937
seg_95644e,4.7706656797749325
seg_957ece,0.0
seg_95b321,4.772485085278758
seg_95f45e,4.668849031824088
seg_961d02,2.317071393777269
seg_961ddf,5.126593441887751
seg_9626a4,4.839314997757297
seg_96642e,7.774208441568911
seg_966f3d,4.758787695560512
seg_967ae4,7.530087471587526
seg_96cd5d,2.2756756269010587
seg_96dab2,7.592518606067989
seg_96db5e,4.760475308118384
seg_96fa35,4.848286789194095
seg_970b35,4.8647896304703675
seg_970e86,7.531313631292438
seg_974049,5.239561106292404
seg_9757ac,7.638151638048964
seg_979a8f,2.3370841992610245
seg_97a161,7.756425977658239
seg_97ad82,7.689774230087753
seg_97d9ed,7.498157320341759
seg_97e4a9,7.60033511625263
seg_9802c3,4.807251664900592
seg_9825e0,4.760047281814984
seg_983778,7.469764704211933
seg_986976,4.741831554302106
seg_986b6e,7.659072410685662
seg_9872f9,7.736708641021908
seg_988e69,4.895954150446579
seg_98a819,7.7098636509386616
seg_98be13,7.776465684945665
seg_98c0b6,5.201471535398905
seg_98c44d,5.130440045736439
seg_98c544,4.853224352246617
seg_98ebaa,7.532883286873346
seg_98f624,7.5213777513120625
seg_9940e8,10.076829564994124
seg_996c37,7.7184574544023175
seg_99ccbd,2.344575266168018
seg_99f677,4.760794225439234
seg_99f76c,5.175619649799151
seg_9a1a4f,5.121707611959982
seg_9a1c76,7.712284275458423
seg_9a43ef,7.544880371490706
seg_9a6025,4.714749255145637
seg_9a74d8,5.142057928915801
seg_9a7c46,7.708561851912824
seg_9a7d1d,2.2496763956612362
seg_9a812d,4.85149124107927
seg_9a81a3,4.70162057499012
seg_9a8a1f,4.738741171018146
seg_9a9041,4.704310618527181
seg_9a92db,7.6637831198678015
seg_9aa6e2,4.925295289984232
seg_9ab405,4.748468296864731
seg_9ad261,7.686307609607809
seg_9ad925,7.533895683181328
seg_9ae1a1,7.578952158858133
seg_9b0439,7.755651593128462
seg_9b44d2,7.6190736410222915
seg_9b7ef8,7.6830253436265
seg_9b7f93,4.807106620539177
seg_9bab11,10.116009972654705
seg_9bd388,4.599587909159133
seg_9bee43,5.293884361906899
seg_9c00d7,7.707722709192325
seg_9c090f,2.2956608469792776
seg_9c2843,2.373168282205775
seg_9c3d6a,7.662719071386972
seg_9c3ef8,7.7005200837719485
seg_9c635d,7.540438089887333
seg_9c6715,2.4138031091428473
seg_9c8162,7.694825778465701
seg_9c8bc8,5.121718138695655
seg_9ca72e,2.32379303007027
seg_9caf50,7.489288258876682
seg_9cb464,5.13285929343464
seg_9d1b26,4.727077636996881
seg_9d1dbe,7.706679829839715
seg_9d2528,4.791028426738421
seg_9d3013,7.546733916823612
seg_9d452d,4.813517245419318
seg_9d57a1,7.735530999702034
seg_9d68cf,5.236893670536853
seg_9d6ff0,4.869907632653426
seg_9d7490,7.768419977928602
seg_9d79d4,7.768401855904429
seg_9dcae1,7.685985613762552
seg_9ddc99,7.737245761118652
seg_9dea8d,4.71729589976621
seg_9df32d,5.1467066501536145
seg_9e25e9,4.873786976713182
seg_9e3837,5.318337640241891
seg_9e61da,4.742594519127078
seg_9e7dff,4.80475621337038
seg_9e8323,2.4602228083446605
seg_9e8ca4,7.625351075826407
seg_9e962b,4.748811246002676
seg_9ee0aa,7.677080387144722
seg_9f042e,7.592512442738583
seg_9f12c6,4.735927866564552
seg_9f22a0,4.644721027302229
seg_9f4fd4,7.557402573305167
seg_9f57c4,7.660130866281882
seg_9f6315,5.265452120983172
seg_9f7542,7.645228855887735
seg_9fc7c2,2.4686133019310397
seg_9fd9b8,4.70037282361271
seg_9fe8b9,4.733650393660444
seg_a00985,4.77858015266424
seg_a009e6,7.645806264214297
seg_a03e6a,4.896619364337424
seg_a05c22,2.3155210373328607
seg_a06228,7.70393338239959
seg_a0646a,2.4145260459400752
seg_a0979e,7.696713685400079
seg_a0a423,4.855986464966421
seg_a11dd5,4.903775905473113
seg_a12acb,4.86100910804247
seg_a133bc,5.187799629750355
seg_a14212,5.2852840018231095
seg_a16a1b,4.723899460467809
seg_a173d8,7.686097586247543
seg_a18246,7.704066361371076
seg_a1a511,2.694288164305057
seg_a1acb2,4.844192886862848
seg_a1b3cc,5.193483080229996
seg_a1d8da,4.732880829095681
seg_a1e5b0,7.585419624824446
seg_a1edc1,2.25832725707264
seg_a247ac,7.703096874914321
seg_a25c46,5.165683190123314
seg_a2986f,7.555644836516191
seg_a2c108,7.719927859267713
seg_a2d47d,5.213144545946614
seg_a2e2c8,4.714169598510217
seg_a2fd8b,4.813305755797275
seg_a31d6e,7.673934792627206
seg_a31fe3,4.653600043960722
seg_a35c82,7.6039266886319385
seg_a35e7c,7.714298889101579
seg_a39ebc,4.920001034184459
seg_a39f3b,4.681682491291824
seg_a39fa8,7.566384744411646
seg_a3ab46,4.866361239498461
seg_a3d4d6,4.814154534470793
seg_a41c2c,7.646494899124047
seg_a4208a,4.608697554691098
seg_a420d4,4.813462408445567
seg_a436bc,7.551010496938
seg_a437cb,4.899793220851228
seg_a45455,7.723435494739073
seg_a47cce,7.684791452299452
seg_a489e1,4.673587755117502
seg_a49ccc,4.823159110543145
seg_a4ad7c,7.703206207470631
seg_a4e745,7.512563194594133
seg_a50d28,7.551210126195761
seg_a5271e,4.784488148299637
seg_a53e4c,7.77967326442309
seg_a543e5,7.646981138991325
seg_a55540,10.098106544552905
seg_a55a17,5.2024980864302695
seg_a56c04,4.7272186484774075
seg_a58a6e,4.839904293578943
seg_a5934a,7.625460768904583
seg_a5d37f,4.801195495264778
seg_a5dea6,7.1914489056142195
seg_a5f4dd,4.785681309662946
seg_a5fbcc,7.741733920798666
seg_a61e1c,7.699834693879016
seg_a63573,7.643355967068324
seg_a674d2,7.719788651099677
seg_a68007,4.867889733969713
seg_a68ffb,7.727361483517843
seg_a69246,10.10750476188708
seg_a6959c,7.687669548989602
seg_a6bf91,7.612218339652054
seg_a6c5cc,4.756677031244095
seg_a6cd86,5.132697390875663
seg_a6e801,2.507005334808259
seg_a6e99c,4.639439388861607
seg_a6eed3,5.259680297953041
seg_a704ee,4.666654446898999
seg_a7561c,2.3964122006080792
seg_a7b454,4.865539044766704
seg_a7d0eb,4.806808389578364
seg_a7e49b,4.763464377088397
seg_a80123,7.737901717184618
seg_a802fa,7.673558111652969
seg_a80f6f,5.19806285430429
seg_a82229,7.705500763199254
seg_a84c13,4.7511661722324625
seg_a86231,7.6637021290452125
seg_a8685e,7.622798356515258
seg_a86a05,4.681318993738259
seg_a87e79,4.698359377505259
seg_a88097,7.730364476989491
seg_a88dde,7.5987604782382245
seg_a8bb2f,4.755417853710686
seg_a8ddf7,5.287402237032749
seg_a8e6df,4.727783518515448
seg_a8e71a,5.190430157222991
seg_a9089b,2.5525135368149243
seg_a91c03,7.624360767376123
seg_a93a88,7.540022980090669
seg_a96b47,5.14899058528141
seg_a975df,5.186532542841345
seg_a99161,4.928291366465082
seg_a99799,4.79025128429984
seg_a99be9,7.562560934229989
seg_a9a820,4.8364012662028415
seg_a9b957,4.81107948440992
seg_a9f80e,7.662077209678364
seg_aa0180,4.823057941794689
seg_aa1adf,4.788891249145598
seg_aa508a,4.751793126351325
seg_aa78e0,7.717103308210669
seg_aa7a4b,4.737904354500074
seg_aa98cc,0.0
seg_aa9b8e,7.639729315937229
seg_aaa2ae,4.7429972694268425
seg_aabc52,7.525763087441337
seg_aae025,7.6005005726746155
seg_ab001b,4.743385450973456
seg_ab15ad,7.761479328365031
seg_ab2a78,2.3467357282095946
seg_ab3f14,7.559279802690158
seg_ab4bca,4.830740637254207
seg_ab644e,4.846348837585717
seg_ab70bd,7.700965539676167
seg_ab9654,7.651797364057808
seg_aba501,5.154933804702489
seg_abaad2,7.667455575904411
seg_abb03a,4.803428955103438
seg_abb06a,4.646355716308612
seg_abc5fd,7.630624515935937
seg_abda04,7.650823595289454
seg_abeca6,10.124984293931675
seg_ac45ae,7.562244343206734
seg_ac5c61,7.68937996712183
seg_ac68bb,4.763023177979754
seg_ac9de5,4.626060439724039
seg_acd715,7.55705613590108
seg_acf2f4,7.586695002620694
seg_ad3a44,2.2983829398068742
seg_ad3cf0,4.89938383183838
seg_ad591c,4.732479861130942
seg_ad759c,2.299500550113283
seg_ad82ca,7.655338894984904
seg_ad949a,4.872861639443592
seg_ada42c,5.380744304610875
seg_ada81a,7.615378598230318
seg_ade769,7.631218264592766
seg_adf94a,4.992460670989841
seg_adf986,7.683531426228388
seg_ae32a6,7.707166559281909
seg_ae3388,7.656942497151569
seg_ae3d92,5.171727011971539
seg_ae42b3,7.6680736163433085
seg_ae9626,4.875715794150004
seg_ae9761,7.556881654573052
seg_aec276,7.688207714655528
seg_aed434,7.6738206292495885
seg_aee7c0,7.666802486735307
seg_aee9bf,4.874029814360993
seg_aeeb31,4.8626719524613105
seg_af1650,2.1944482397143865
seg_af2472,4.802727149614178
seg_af6204,4.712844612203469
seg_af703b,7.642849183177093
seg_af959f,7.64004173701659
seg_afa4a1,4.694116202478924
seg_afadfb,4.7027191795497245
seg_afca81,4.694928774491281
seg_afd665,7.6761022554434994
seg_b00f05,7.592693325411284
seg_b02e31,7.705289351005943
seg_b03de5,10.063309560338038
seg_b08e9d,7.535614105102395
seg_b0a794,4.72720367710798
seg_b0bf65,5.268884447311979
seg_b0cf32,10.067232552488283
seg_b0d251,5.184952736677118
seg_b0f9cd,7.583555676783908
seg_b108c9,5.150532383241691
seg_b13220,2.3665174691466504
seg_b13fb9,4.7553312716176155
seg_b197e2,4.745956072341093
seg_b1a35c,7.704234977308676
seg_b1b95e,4.786832349519678
seg_b1fea8,4.90359285187612
seg_b20487,7.569106021839849
seg_b21273,7.726673872968176
seg_b23489,4.736483132823317
seg_b253ee,2.2522891645864647
seg_b25dde,2.4608526169929235
seg_b26368,7.766023719232516
seg_b284b2,2.3113448739918745
seg_b291c0,4.937727104189001
seg_b2b29d,7.653842186147346
seg_b2b331,5.111595227140155
seg_b2e045,4.853502184563906
seg_b31961,5.21205163934626
seg_b32d1d,4.831868320681917
seg_b35174,0.0
seg_b36650,4.89637139275365
seg_b36c8a,4.770344140770023
seg_b378bc,4.906192022278589
seg_b3883e,5.312659392485772
seg_b3cf21,7.681906307481578
seg_b3d886,4.910022077693766
seg_b402ac,7.71782361571924
seg_b41d3c,5.127834128080945
seg_b42170,4.870779423295785
seg_b4402d,7.65026407416007
seg_b44c2e,7.706480800052967
seg_b47c19,7.582164165498995
seg_b4c040,5.2503144331632825
seg_b4cb44,7.595969062219705
seg_b4f7a8,4.8059560665534615
seg_b50239,4.77792241312129
seg_b51380,7.577664504590443
seg_b51b7c,4.788926865256485
seg_b52710,4.764558386845893
seg_b52add,7.4976040816482215
seg_b52dac,7.742771009643501
seg_b54024,2.4222293529799153
seg_b568c6,7.658277143687878
seg_b57e76,7.751109976981251
seg_b5804a,2.362959509102822
seg_b58542,5.15402769172475
seg_b5a447,7.761356873114114
seg_b5aee9,5.26771088592352
seg_b6254c,2.272796964349851
seg_b63de1,2.376526246898173
seg_b64c9c,7.609638594132512
seg_b66b87,4.758840114704096
seg_b686e5,0.7159267700929917
seg_b687fc,4.893453353339414
seg_b691c5,4.889609906731783
seg_b69455,7.474163402788413
seg_b695b3,4.867225689589105
seg_b6bdaa,7.609820266647617
seg_b6c10d,7.670688217917821
seg_b6cb2b,4.847193587850132
seg_b72413,7.669828440440325
seg_b735a5,7.642846477503365
seg_b77bf5,10.107944844341471
seg_b782c7,7.555225474072383
seg_b78883,7.552568091887032
seg_b7a8a1,4.670554802536348
seg_b7b098,5.202214018193212
seg_b7da0a,4.745084067421184
seg_b7eeb6,4.720027133133506
seg_b80358,7.645843461228374
seg_b80366,7.614578740180766
seg_b80b89,4.837208026677194
seg_b8141c,4.825214764057479
seg_b853c1,7.653561639902954
seg_b853f8,7.748900703246566
seg_b86ce1,7.719544450013171
seg_b8725b,2.29632846394394
seg_b8745c,7.595452038774914
seg_b87cf5,7.710926977515154
seg_b88baa,7.686438948331194
seg_b89218,7.74417741254088
seg_b89e47,2.2757310780451903
seg_b8b72f,7.715784639073181
seg_b8bb87,7.617619082579457
seg_b8fd73,7.522706783291849
seg_b91011,4.7891860776948505
seg_b917b5,7.683449838169826
seg_b91ae2,5.172780540186411
seg_b9361a,7.763902203144802
seg_b9365c,2.3236150105433424
seg_b947ae,4.768686175213901
seg_b95010,4.870771210514446
seg_b95a77,7.540942751104486
seg_b9619c,7.74907453016799
seg_b9ad7f,4.843885204717353
seg_b9bdd7,7.737511108167624
seg_b9d8a0,7.61151272521329
seg_b9de03,7.745076401394698
seg_b9ec4b,4.77702889099386
seg_ba0485,7.527816575439877
seg_ba1d68,4.864385804318234
seg_ba2c48,4.780813898743297
seg_ba3c47,4.871957423379248
seg_ba3e74,5.193460704261952
seg_ba4ea3,7.656929722738774
seg_ba5e7e,5.288337491863118
seg_ba83da,4.813566506389197
seg_ba941e,7.630308273613403
seg_ba98dc,5.285140280230175
seg_ba9dbf,4.715585746096799
seg_baa745,4.678834724500401
seg_bb171f,4.644458422834919
seg_bb180c,5.139073847720635
seg_bb2d77,2.2386120810213654
seg_bb5e15,5.230947060540279
seg_bb6904,4.77309475818968
seg_bb6fcb,4.751339901217069
seg_bb92b1,4.780572868327329
seg_bbb01e,4.614230008175202
seg_bbbc30,4.869413305738366
seg_bbf805,5.120121060011485
seg_bbfd4e,7.774994985432645
seg_bc07c8,4.9074184628251025
seg_bc1d67,4.6774925429196905
seg_bc2186,7.673109672404429
seg_bc437b,7.674724369477257
seg_bca500,7.65338869314632
seg_bcc8f1,7.702249439866449
seg_bce23c,7.59512052467845
seg_bce305,4.8386356563766935
seg_bcf2d9,5.129600201638841
seg_bcf6af,7.197177096368652
seg_bcfad6,4.80787210088949
seg_bd00c4,4.733900407204352
seg_bd2b0c,4.780978245679163
seg_bd31bf,4.778265290374101
seg_bd40f2,7.483839503283198
seg_bd4d30,4.696411609149482
seg_bd5022,2.2646043635740547
seg_bd629b,4.872940772219497
seg_bd6f5f,7.541697372898367
seg_bd7109,7.754968575046094
seg_bdae02,7.692933226090215
seg_bdf84b,7.68236779865887
seg_be0cdc,4.824671103998696
seg_be0dfa,7.645779192062747
seg_be19e2,7.734614104869362
seg_be30ce,7.7524186024546875
seg_be4612,7.652528456173371
seg_be62ef,7.604517137647665
seg_be65f2,4.888339392354137
seg_be811d,5.332569604102259
seg_beb650,7.758813451240558
seg_beda44,7.719644227123762
seg_bee792,4.81113439294071
seg_bf1294,2.3815273731375584
seg_bf1430,4.704030222982105
seg_bf1a72,5.199584030313847
seg_bf2d1f,7.488094018888177
seg_bf4bf2,2.2878536608813356
seg_bf4ec0,7.6804163825948795
seg_bf58ce,7.6343043297706465
seg_bf7224,4.802133882862956
seg_bfdd14,0.34386282578675775
seg_bfe0b6,7.574593236407784
seg_bff05e,7.52169092840389
seg_bff392,2.274837377048261
seg_c01a57,4.865219332369824
seg_c01d9a,7.625997009086847
seg_c01f63,7.615473081084096
seg_c0260d,7.690488249346977
seg_c047b7,4.72787373560862
seg_c05a7d,7.660565568349369
seg_c07b7c,4.71092649665756
seg_c08d36,7.739033125835439
seg_c09a41,4.810719596885608
seg_c0c0ed,7.72940888571371
seg_c0d7da,5.202869325525034
seg_c0e1b9,4.793341484759319
seg_c0ea9f,4.769530795147514
seg_c106ca,4.840103071097076
seg_c10a58,7.692624169993486
seg_c11828,4.855083948851828
seg_c11a4f,2.3242204371563773
seg_c12d7d,7.608548669849862
seg_c146a8,7.671995192868593
seg_c15d21,7.663223895673115
seg_c17817,4.857198668079308
seg_c179f8,5.273751728632343
seg_c183e4,4.739864337396654
seg_c186dc,4.877090685969014
seg_c18d5a,4.87550800670642
seg_c1fe9a,2.321916217445004
seg_c20a27,4.811611021605113
seg_c20c06,2.3604373197975903
seg_c21723,5.219704869115342
seg_c21d60,5.179246507273165
seg_c22bd4,7.605945302459595
seg_c23429,4.824202669583624
seg_c23641,4.677388078147722
seg_c243a6,0.0
seg_c24946,5.152406902906272
seg_c25855,7.184811457847896
seg_c267a5,4.864238964035673
seg_c26fb4,2.3651392660012256
seg_c27591,4.897830919942429
seg_c2a0c8,4.773409118414035
seg_c2b8f7,4.804702279528831
seg_c3507f,4.694334108630009
seg_c35940,4.825380577337212
seg_c365de,2.2383101177134392
seg_c3836b,5.296541689748095
seg_c3f672,7.569575944373529
seg_c3f8d7,4.814460501180909
seg_c41d1d,4.911484070833849
seg_c42490,4.857120720988284
seg_c42952,4.763541700903422
seg_c44bbc,4.862432192918176
seg_c46ce6,4.84840929158546
seg_c472cf,7.597151722196568
seg_c47bdc,7.226986333656717
seg_c4af54,5.165591983160718
seg_c5064e,7.565581114270957
seg_c509ff,4.741644864321865
seg_c522f8,7.5819229354523525
seg_c5256d,7.694045535376667
seg_c52ae6,4.870973574054679
seg_c5325c,7.608802852469612
seg_c550b1,7.677605679549822
seg_c565bd,7.736211516536423
seg_c571ef,7.627912177623335
seg_c588c1,10.068791679799288
seg_c58ca5,7.764723139868915
seg_c5abaa,4.668864643576118
seg_c5c455,2.6523482096034705
seg_c5c6ea,7.746451644330142
seg_c5dada,4.753185637830404
seg_c5dee4,0.0
seg_c5f986,5.137613335443952
seg_c5fc3b,7.617715539713387
seg_c5fc87,5.171649079659042
seg_c607eb,2.2968741948979705
seg_c60dca,4.7605465539550735
seg_c60f1d,4.833099078742352
seg_c627fc,7.558873295962204
seg_c62a06,4.839720742586566
seg_c65135,2.4237002948924733
seg_c654e7,7.697309106084358
seg_c666dd,4.661895062384886
seg_c671f7,7.644093462904699
seg_c6b514,4.817205507514524
seg_c6c29f,4.832832857631278
seg_c6f0a2,4.725571447739503
seg_c6f533,2.3145563824615785
seg_c6f9c2,4.7589087004860815
seg_c703be,7.581274044443436
seg_c70fde,4.703714582073783
seg_c714d0,7.1862786810736505
seg_c73df6,4.745686192805911
seg_c747ad,7.196594861390496
seg_c747b4,4.890564433907063
seg_c7a3bc,4.84860437601807
seg_c7a401,7.716607310541276
seg_c7a579,7.672007205597097
seg_c7b424,7.61604301943332
seg_c80857,0.0
seg_c81e10,7.711280832512138
seg_c81fec,5.1789601633281315
seg_c8459f,7.643303565955465
seg_c87c24,4.7626701553157815
seg_c901c0,5.122499398294446
seg_c90be5,7.639737509010192
seg_c9201c,2.3101403680709645
seg_c9481f,5.174217258247257
seg_c94941,0.0
seg_c9831a,2.72865458289699
seg_c9e533,7.661477403360674
seg_c9f80a,4.791071387735533
seg_ca2d1b,4.85056430988584
seg_ca407b,5.169789032522186
seg_ca44a8,7.706221814322053
seg_ca67ee,5.270723699556726
seg_ca6d70,4.761844783338171
seg_ca8389,4.88799944678204
seg_ca88e3,7.565893562223952
seg_ca9e39,4.8199197976720995
seg_caa919,5.214669708160608
seg_cacd0a,7.766370672395192
seg_cacd58,4.753685500115994
seg_cb0e21,7.636640644465128
seg_cb806c,4.8139124426583795
seg_cbcce9,4.752047409028927
seg_cbfb19,4.71229461777537
seg_cc096e,7.488412439335907
seg_cc2c46,4.661997475348777
seg_cc2e9b,5.2134061477743145
seg_cc4199,7.559684933867285
seg_cc4932,7.575186260401239
seg_cc4950,4.8740520582150655
seg_cc667b,4.8252069288188775
seg_cc7a19,5.20656808089444
seg_cc7e39,7.592186884812254
seg_ccdc28,2.503931549675844
seg_cd0691,4.802274534119247
seg_cd2b34,4.6942163290347665
seg_cd2b53,4.878178522321239
seg_cd352f,7.547242697919895
seg_cd43b4,7.774737416848836
seg_cd699e,4.781873172720152
seg_cd9f9b,7.547135347779623
seg_cdadb5,7.708983385351152
seg_cdf88e,4.650000905307817
seg_ce00bb,5.201537004460274
seg_ce46ba,4.824274902531
seg_ce472b,7.6634758993662935
seg_ce5520,4.81124333329609
seg_ce5832,5.2640877919931555
seg_ce72e2,5.286692618553433
seg_ce7537,4.830784944508059
seg_ce9f59,2.417324946112167
seg_cea185,4.731058757183588
seg_ceab44,7.554359492039628
seg_ceb942,4.713257720798243
seg_cec2f2,7.661386264115599
seg_cecd29,7.7041429610815815
seg_ced992,4.823851315177091
seg_cedf3e,7.647909454163983
seg_cee7d0,7.668348669408635
seg_cf0e43,4.741365756791291
seg_cf1371,2.3152526983313564
seg_cf25d2,4.815274371503058
seg_cf3825,5.259195473293827
seg_cf5764,7.591327136750687
seg_cf646e,7.729387346285334
seg_cf74e8,4.80616819820008
seg_cf9a49,7.683827755645462
seg_cfed24,2.2763396963019566
seg_cff594,2.3132399836347908
seg_d014a3,7.601137573995304
seg_d0598e,4.697336031355437
seg_d062a6,10.037090771558349
seg_d07c62,4.845222964588189
seg_d07ce8,7.567771050214624
seg_d098df,7.728913090928106
seg_d0c280,2.3694976119621813
seg_d0c8e2,4.891950289681526
seg_d0f262,7.731193619176787
seg_d0f803,2.2447318800589464
seg_d1045e,7.209466094594941
seg_d11ca8,7.682082154457838
seg_d14524,4.766779076096112
seg_d146a6,5.30314752174178
seg_d16534,7.55407177223184
seg_d19980,7.529276105982595
seg_d1a281,4.743161998364107
seg_d1a2b9,2.2727594412004457
seg_d1a8b3,4.879845106522799
seg_d1abaa,7.528213436477685
seg_d1b91e,7.626800738975323
seg_d1ca05,7.608828871672452
seg_d1cb37,7.671580276050758
seg_d1eee8,7.536539679578793
seg_d1fbb8,7.511591472418406
seg_d21066,4.853599651164014
seg_d21eb6,7.617299644418631
seg_d24095,7.578904354010563
seg_d247da,4.730142998274204
seg_d2551a,7.160869497138652
seg_d26f7d,7.59636114783113
seg_d27193,4.726418182240938
seg_d27812,4.747326668973079
seg_d29a4b,4.735865117520527
seg_d2a533,5.123864463712591
seg_d2ad9a,4.757698069695476
seg_d2cb02,4.675592930844719
seg_d2db6b,4.826114301911526
seg_d2f588,10.120261857714155
seg_d30a9d,4.812197289879487
seg_d31583,7.639748733262762
seg_d320f5,4.750134849215691
seg_d328bb,4.8152951968219675
seg_d32f71,5.141344505258257
seg_d32f8a,7.781262562637426
seg_d35274,2.289539032656908
seg_d356ab,5.1058195163187285
seg_d35e50,7.772672607397119
seg_d36055,7.626089629887348
seg_d36342,7.607521157925058
seg_d36681,7.6577615331363855
seg_d36737,4.800222796081352
seg_d37b05,7.604818712492756
seg_d39131,7.593143294712336
seg_d398df,7.672209439311995
seg_d3992e,7.256018763406352
seg_d3bb14,5.2898208857802125
seg_d3d8fc,4.899601970910204
seg_d3f6b0,4.708208205148466
seg_d3f967,7.768916472689796
seg_d40bb2,7.755438192598319
seg_d41daa,7.739186084649555
seg_d42c77,7.54401257143506
seg_d44589,4.894962865910662
seg_d47aba,5.1688851818378865
seg_d4c763,4.73843923715255
seg_d4dec8,4.728436420058852
seg_d4ea17,7.645309580284019
seg_d508db,7.680565660062435
seg_d516e3,7.685125365262229
seg_d56ae2,7.568676160398439
seg_d56d32,7.6406186417571185
seg_d59e4e,4.841414249137072
seg_d5b100,5.198388574376882
seg_d5d3a1,4.857452190685311
seg_d5dbc1,5.2422852153433155
seg_d5df41,7.614971108902871
seg_d5f344,4.732419484913148
seg_d60d18,7.728841511555336
seg_d62e9c,4.74853796080655
seg_d63175,7.69655303547442
seg_d661ce,5.188721659401844
seg_d668c0,7.658665549822999
seg_d68930,7.666543821363604
seg_d693b0,7.2749667309179245
seg_d6b198,4.8051850115113215
seg_d6b386,7.255150450612472
seg_d6b546,7.6836008420400805
seg_d6dad6,4.664147855104954
seg_d6ea73,4.916442401467652
seg_d702b2,7.547072369258942
seg_d71352,7.692418663411136
seg_d740b2,7.523512536666349
seg_d753f8,2.340830972404646
seg_d78093,4.928987719646287
seg_d78e7d,2.290139706899815
seg_d795ab,7.6482752233477935
seg_d7967e,7.662667423142562
seg_d7a805,4.681411291930473
seg_d7ab50,4.775935570633937
seg_d7f015,4.743988443327121
seg_d7f53a,4.832525960120522
seg_d8014d,4.794622814739734
seg_d83890,2.3300491068380538
seg_d85e2e,5.204223057073294
seg_d86eb6,4.8332359059880154
seg_d88da7,7.638782361330033
seg_d89369,4.735818279714616
seg_d90c5f,4.851460323580978
seg_d91492,4.704629585067341
seg_d9190c,4.724594608163688
seg_d9352b,7.708513241620826
seg_d962cc,7.582068953480057
seg_d9750c,5.1912213516165036
seg_d9a2bb,5.169554971652042
seg_d9b162,7.680910629529951
seg_d9bb68,4.699148834454519
seg_d9ce67,4.844342255156224
seg_d9d0e4,4.715029184425223
seg_d9dab4,7.755772454889316
seg_da21ee,7.559255476883157
seg_da7c3b,4.642110455218255
seg_da80c4,7.608583396775437
seg_da8b88,4.743503764980609
seg_dab0f9,4.746707856914977
seg_dad4f2,4.735292813615226
seg_db3446,7.633689417055713
seg_db3a95,7.711355469334043
seg_db3fbe,7.579061336052963
seg_db4185,4.79111545376249
seg_db606c,7.662195431508039
seg_db694a,4.6713179702389205
seg_db6d5f,7.716601115399252
seg_db90c0,7.768721638693355
seg_dbbb44,4.779057130465992
seg_dbc615,4.760935985080016
seg_dbf3f2,4.972838673026224
seg_dc188b,7.759695629193548
seg_dc1cf0,7.579201366514512
seg_dc23c0,4.623722656920233
seg_dc4698,4.70951233198231
seg_dc5e63,4.681156115292634
seg_dc6e94,5.125126214655362
seg_dc73b8,2.392738106214704
seg_dc7e0d,4.790768160712723
seg_dca2c2,7.7577791065936506
seg_dcb51d,2.2930818867048544
seg_dcbe02,5.138513058972242
seg_dcd9df,4.692991340924927
seg_dcee28,4.7909501333870335
seg_dceeca,5.2220671775589995
seg_dcf242,7.76177493385261
seg_dcfb4b,7.75499608890175
seg_dd0b11,4.6523405443673305
seg_dd4594,7.712155221179579
seg_dd699c,2.3458528224583794
seg_dd780d,5.2251034371111125
seg_dd8805,7.673904015585302
seg_ddbadc,7.76731894520249
seg_ddc800,7.682773372947732
seg_ddd206,4.757895925914751
seg_ddddf0,5.217044703812483
seg_de225c,7.580732663813016
seg_de3237,7.627794935664717
seg_de3d5e,2.3102247145612402
seg_de4e1d,5.160828710708845
seg_de8180,2.250477819398533
seg_de98fa,5.3452576822655065
seg_de9e32,7.554247302770246
seg_df0df7,7.729958227572197
seg_df352f,4.787240813762727
seg_df45b0,7.599361354363307
seg_df8385,4.7851643203348075
seg_df8e0a,7.565109996507896
seg_df99d4,5.209947222809102
seg_dff078,7.75617051041724
seg_e00465,7.554752834719933
seg_e051bc,4.8897069083245555
seg_e05de2,4.829527947122008
seg_e067ab,4.62199960488087
seg_e09301,4.891273551923865
seg_e0c329,5.164341584926129
seg_e0ce38,7.639395763330969
seg_e0cfd4,7.224088293840353
seg_e0f296,7.555888435213319
seg_e10d3b,7.642342264379025
seg_e13bd8,5.120985131137321
seg_e14149,4.650113658897279
seg_e1468f,7.658702252909723
seg_e15cb9,4.626851530573269
seg_e197b8,5.2275602847387415
seg_e1a9e0,10.048462873288615
seg_e1daa0,7.6677520449702214
seg_e1f045,4.745387238097692
seg_e1f081,7.637314875462723
seg_e20d76,7.676370785873214
seg_e217fc,4.728704710486468
seg_e2209b,7.783469462984298
seg_e24496,7.642696558516112
seg_e24f69,7.749774118609883
seg_e256bd,4.650786343903736
seg_e25aca,4.741021695835126
seg_e266f4,7.690750329422244
seg_e27c0a,5.2455495139673705
seg_e29670,4.903991495134797
seg_e2b8b1,7.5286314678844715
seg_e2c82c,4.913625947109754
seg_e3005e,2.2983421773140655
seg_e30e44,4.802073047943283
seg_e30ef5,2.464851691822691
seg_e34052,5.152432923508604
seg_e37b8e,4.826378885926802
seg_e3b1f1,7.660141626062899
seg_e3ca24,7.630886783056935
seg_e3cf1a,4.7445089351784056
seg_e3d751,0.0
seg_e3dafa,7.528051182196144
seg_e3e762,7.628880016838693
seg_e40348,5.210131444223675
seg_e405fe,2.340740216502329
seg_e40d64,7.722430352035891
seg_e41fc9,7.7833434036052775
seg_e47d2b,4.833127637808696
seg_e481c7,4.713888129646495
seg_e48c23,7.682456483969753
seg_e49750,4.785988422569604
seg_e4c15a,5.126038226353337
seg_e4f203,4.609553468597003
seg_e4f403,5.363392966471686
seg_e50f16,7.617110351624202
seg_e52f8c,4.814964718771455
seg_e53a52,5.1263116091585985
seg_e54932,7.516779486660781
seg_e5750a,10.113352622787774
seg_e59dca,7.56330268393342
seg_e5b510,4.847526420767851
seg_e5c033,7.740657131710565
seg_e5deec,2.363994376505179
seg_e5e238,2.2544946389892573
seg_e5f9ec,7.6528670378742625
seg_e5fbc1,0.0
seg_e60719,7.5653669618996044
seg_e6307f,7.565530734402184
seg_e64dfa,7.630403331024253
seg_e65e69,4.86813416511057
seg_e66697,4.820772720285117
seg_e6b236,7.636133785202075
seg_e6bd3f,5.258275683924543
seg_e6c973,7.602959805520115
seg_e6e1df,4.802459297934002
seg_e6e24e,7.775485367559815
seg_e71dda,7.777290768431969
seg_e72f10,4.7172695333412555
seg_e742dc,7.606043594459926
seg_e76e6e,4.796092486715388
seg_e7ac12,5.101500304625192
seg_e7ced6,7.631080057677032
seg_e7d1f8,2.3480469732039957
seg_e7d3e7,7.773720122648056
seg_e80726,4.7846527041913784
seg_e81b50,4.780356087318312
seg_e8385f,7.621404502264998
seg_e85f55,2.3040632557431273
seg_e86e44,4.871579840784097
seg_e86ed1,7.722079865688858
seg_e86f77,5.2339852327625085
seg_e877a5,5.167370377591849
seg_e8a2c4,7.671013191306555
seg_e8a4f4,4.7399114559943705
seg_e8ac98,2.3121663794991747
seg_e8ad6b,7.737779830012277
seg_e8b2b3,7.723454240861939
seg_e8bcde,4.742006834707434
seg_e8ce6a,4.763713654296916
seg_e8d02f,2.253688617062373
seg_e90c0d,4.852167839538948
seg_e92526,4.924882295878129
seg_e9272e,5.1218061626816755
seg_e96140,5.168707005490308
seg_e98217,5.219747278731695
seg_e9a09f,2.3490194997517015
seg_e9aa44,7.520442281072091
seg_e9df42,7.534612647360378
seg_e9e65b,4.630751729225281
seg_ea0091,7.76124848227855
seg_ea05c1,7.693756611610214
seg_ea096b,7.631723336562979
seg_ea098b,7.6297828773534295
seg_ea4d3a,4.608714391570583
seg_ea78c0,4.650314962519829
seg_ea8270,7.720685278802321
seg_ea9d37,4.747196007142117
seg_ea9fa4,7.6841983919721155
seg_eaa0ec,7.580850868118979
seg_eabb2c,7.5319338372823506
seg_eacccf,5.247642488150587
seg_ead30e,4.8630923949368245
seg_eb0b19,7.751578682172944
seg_eb1d6e,4.870108395690208
seg_eb2e11,7.700208729586265
seg_eb32bc,4.770494079876013
seg_eb47a9,2.4221102314790777
seg_eb692c,7.633374938424238
seg_eb7595,7.750749629129716
seg_eb7f91,4.744478488772954
seg_eba22d,7.613655653069179
seg_ebb79f,7.763932662464146
seg_ebd77b,7.612651710081691
seg_ebe36c,5.247648001350369
seg_ebec3e,4.801935250441057
seg_ec0e7b,7.689263210405638
seg_ec4645,7.7113261591006825
seg_ec73d5,4.846691712485951
seg_ec973c,7.612577276213186
seg_eca2eb,7.7421284144150775
seg_ecaef0,7.775590976782386
seg_eccb17,1.9097893752537622
seg_ecdca4,5.1978122977785315
seg_ecf28d,4.6941148207129935
seg_ecf81b,7.647994114997999
seg_ed07b0,5.116692317622157
seg_ed3e4c,4.695243816571555
seg_ed52ac,7.6205389546868965
seg_ed7741,7.569115803643559
seg_ed7dee,5.164102982944888
seg_ed7f69,4.754099919436413
seg_edda79,4.705340316953599
seg_edecaa,4.767766068947408
seg_ee1cfc,5.337109000865437
seg_ee2781,7.493997587130382
seg_ee4479,4.858630108020245
seg_ee4ae5,2.424033288807358
seg_ee7224,4.669938833161282
seg_ee87e2,2.3251199976201846
seg_ee8f87,7.675331231007895
seg_eea20e,7.611030172270276
seg_eebbc2,4.770164082174498
seg_eee89d,4.699603627410518
seg_eefd4a,4.990479378418145
seg_ef24bd,4.8496521638346834
seg_ef27c8,2.2861425006953517
seg_ef47c4,7.548291488624425
seg_ef644a,4.781004025531718
seg_ef660a,7.588297151220782
seg_ef74dc,5.18426714441066
seg_ef779d,4.839154702139835
seg_ef9105,7.620455935389643
seg_efb639,7.609842929757043
seg_efbf3e,4.63720995308725
seg_efc5fb,7.558466018859384
seg_efd9ec,7.5053208688704345
seg_f003ca,7.630138540078221
seg_f01368,4.684680159413887
seg_f0181d,5.152488120264904
seg_f02d32,4.69512858438403
seg_f056d8,5.127211062344955
seg_f0574b,7.708368273740435
seg_f073e2,4.756902339283322
seg_f0ce4a,5.304069280505653
seg_f0cedb,7.5864265227305285
seg_f0d278,4.764457903639611
seg_f0db55,2.4884990792032475
seg_f11620,7.709419988741878
seg_f11f77,7.689206201760722
seg_f165f6,4.696733788493681
seg_f19f8e,7.661565581785787
seg_f1a771,2.3647533741715563
seg_f1b916,4.871773059877054
seg_f1f5b9,4.7462175329754075
seg_f21a22,4.7411853925647645
seg_f21bf4,7.640513851402774
seg_f22163,7.5890732025860395
seg_f229bf,7.747324418933605
seg_f24292,7.726604102657385
seg_f2750c,7.659393986262682
seg_f2a20d,4.903737646265709
seg_f2ae5e,5.15307278700579
seg_f2b0c5,2.257305539480498
seg_f2cb5e,4.9246825488243395
seg_f2f5a3,4.806873123136816
seg_f3063a,4.80491450344573
seg_f30b2f,7.700870824166783
seg_f30f0c,7.6988751346767685
seg_f322b1,4.727371513700071
seg_f342a3,4.7452860506059675
seg_f34877,7.672659789371821
seg_f383fb,4.803279844499844
seg_f3c578,5.448279023731683
seg_f43730,5.151927948684161
seg_f43ab6,0.0
seg_f455bc,7.50971044708894
seg_f46cc1,4.728865464373756
seg_f48363,4.886031138303927
seg_f48db9,4.843788670887012
seg_f4ad4b,4.851992227369783
seg_f4d644,4.925853519342176
seg_f52cdc,7.667354564697783
seg_f5406b,5.218564469130614
seg_f579ba,4.902060948404314
seg_f57ca1,7.602138140997461
seg_f59974,7.55302788610849
seg_f5a4ee,7.667271608358163
seg_f5a6ab,4.6823695495298985
seg_f5d2dd,7.6788779331166115
seg_f5e682,2.314276530759461
seg_f60872,4.8164365594178005
seg_f618a8,7.599206447646301
seg_f61b0e,7.68106120867364
seg_f639cd,7.727624909836528
seg_f639ec,4.725348217234153
seg_f650cc,5.253909111022024
seg_f6659e,4.721966884498286
seg_f66db1,7.6594933543629296
seg_f679c6,7.573176139046215
seg_f67ce2,2.261830353910046
seg_f6828d,4.836821732485994
seg_f69c38,4.868228881510921
seg_f6a217,4.841132248126915
seg_f6abc5,7.5526746857139155
seg_f6b70c,7.667004946200159
seg_f6bae8,4.65745436448859
seg_f6c0cb,4.784753966817547
seg_f6c928,4.685448395625336
seg_f6cfd4,4.703259507135183
seg_f6d51b,4.830077766959004
seg_f6e1ca,7.7237873273647875
seg_f6e89f,7.609191018900173
seg_f6f523,4.996623105976575
seg_f6f683,7.711037213108712
seg_f7050a,4.867658360879517
seg_f70b66,7.777181554763899
seg_f71db8,4.783349767965152
seg_f7290f,4.904344146255077
seg_f734c8,7.684332167191741
seg_f741af,4.839753661062019
seg_f77ee5,10.121266836275034
seg_f7d792,4.907845651301372
seg_f7de40,7.776914577768082
seg_f80e44,4.81241989170768
seg_f83d28,4.847837433422502
seg_f865be,4.826432655654271
seg_f86c41,5.149519762420093
seg_f88d4a,4.723280454987979
seg_f8db0a,2.2500265489756615
seg_f8dd7e,7.6438373560110335
seg_f931de,4.719220967162709
seg_f93ce5,2.430826224130552
seg_f95fd3,7.576185504701103
seg_f96d0e,4.840370932148613
seg_f96d5a,4.672135937521027
seg_f97274,4.810801336377251
seg_f99b64,7.6130041783209315
seg_f9e4f2,7.633791307320786
seg_f9eea3,4.774501694245698
seg_fa0ac7,7.737095403993855
seg_fa34c7,7.700962609300639
seg_fa488e,2.309671243367145
seg_fa4df0,4.792658220624217
seg_fa6383,7.739917227189867
seg_fa796b,5.195216648382663
seg_fa9f00,4.897562631751775
seg_fad815,4.839310600889755
seg_fb00b3,7.544697037899258
seg_fb11ba,7.6297385523933645
seg_fb1f5c,7.623861651981594
seg_fb4c26,7.7523199754368886
seg_fb74f0,7.668017902773325
seg_fb76ca,4.759039541917554
seg_fb8af5,2.289281081213737
seg_fb9491,4.823652421433659
seg_fb9b2e,7.658428167932147
seg_fbce13,5.276791199071511
seg_fbd66b,4.7265625485445195
seg_fbddb9,7.636613650128256
seg_fbe3c2,7.792213474720249
seg_fbf17a,7.710359875982318
seg_fbff25,4.853989221494658
seg_fc407c,4.791240077304961
seg_fc57d4,4.790592539776613
seg_fc8fd6,4.845495290834073
seg_fcb7d0,7.637019142626658
seg_fcca66,7.726486602704226
seg_fcd32e,4.750505334455886
seg_fd19b8,7.541607300505742
seg_fd374e,5.224203386182822
seg_fd6340,5.173667863623216
seg_fd8add,7.624366011574164
seg_fd9ac1,5.194106293307566
seg_fdba93,4.8650526248899535
seg_fdc1d4,5.201502617587348
seg_fdd50e,3.106591510882975
seg_fde767,4.687357907540857
seg_fde86d,7.706727733113237
seg_fdff11,2.5270166110672143
seg_fe2aac,4.944209993584474
seg_fe5945,4.873416102097114
seg_fe70c0,7.65717551434895
seg_fe73b1,7.721415362484336
seg_fe86f5,4.77843016183672
seg_fea3e2,7.542580077060634
seg_feb312,7.591889307011771
seg_fedbd1,7.54355452586989
seg_ff0f1b,2.343634012797608
seg_ff1a62,7.501034929998086
seg_ff2f2d,5.206734296903608
seg_ff4236,7.688405236229805
seg_ff7478,7.65780860617366
seg_ff79d9,5.25441261336838
seg_ffbd6a,2.357791527332452
seg_ffe7cc,7.572791332905901
