meanAudio,stdAudio,maxAudio,maxTime,minAudio,minTime,q75Audio,q25Audio,event,n
4.876247882843018,6.380885601043701,197.0,1.469099998474121,-199.0,1.2094993591308594,7.0,2.0,0,1000000.0
4.566474914550781,8.719047546386719,410.0,1.2094993591308594,-478.0,0.9498987197875977,7.0,2.0,0,1000000.0
4.554326057434082,6.4093122482299805,145.0,0.9498987197875977,-189.0,0.6902980804443359,7.0,2.0,0,1000000.0
4.524118900299072,8.236129760742188,313.0,0.6902980804443359,-595.0,0.4306974411010742,7.0,2.0,0,1000000.0
4.425325870513916,53.529727935791016,3252.0,0.4306974411010742,-4621.0,0.1710968166589737,7.0,2.0,0,1000000.0
4.3274641036987305,3.7556939125061035,152.0,11.540800094604492,-121.0,0.0007954798056744039,6.0,2.0,0,1000000.0
4.32493782043457,3.6617984771728516,139.0,11.452496528625488,-113.0,11.192795753479004,6.0,2.0,1,1000000.0
4.554080009460449,3.8786277770996094,170.0,11.192795753479004,-154.0,10.932199478149414,6.0,3.0,0,1000000.0
4.432808876037598,3.7265546321868896,214.0,10.932199478149414,-134.0,10.67249870300293,6.0,3.0,0,1000000.0
4.434937953948975,4.099210739135742,197.0,10.67249870300293,-123.0,10.412898063659668,6.0,2.0,0,1000000.0
4.631710052490234,3.5947000980377197,87.0,10.412898063659668,-78.0,10.153297424316406,7.0,3.0,0,1000000.0
4.636868000030518,4.086000442504883,157.0,10.153297424316406,-154.0,9.893696784973145,7.0,3.0,0,1000000.0
4.674612998962402,5.006001949310303,273.0,9.893696784973145,-237.0,9.634096145629883,7.0,3.0,0,1000000.0
4.560927867889404,4.1691083908081055,208.0,9.634096145629883,-128.0,9.374495506286621,7.0,3.0,0,1000000.0
4.58379602432251,4.826217174530029,199.0,9.374495506286621,-224.0,9.113799095153809,7.0,2.0,0,1000000.0
4.702643871307373,5.272438049316406,215.0,9.113799095153809,-200.0,8.854198455810547,7.0,3.0,0,1000000.0
4.59420919418335,4.332230091094971,111.0,8.854198455810547,-134.0,8.594597816467285,7.0,2.0,0,1000000.0
4.288051128387451,4.943524360656738,249.0,8.594597816467285,-159.0,8.334997177124023,6.0,2.0,0,1000000.0
4.492903232574463,5.615704536437988,230.0,8.334997177124023,-276.0,8.075297355651855,7.0,2.0,0,1000000.0
4.41366720199585,5.255274295806885,165.0,8.075297355651855,-108.0,7.8156962394714355,7.0,2.0,0,1000000.0
4.43548583984375,4.743682861328125,174.0,7.8156962394714355,-213.0,7.556095600128174,7.0,2.0,0,1000000.0
4.510465145111084,5.200820446014404,159.0,7.556095600128174,-148.0,7.2953996658325195,7.0,2.0,0,1000000.0
4.374502182006836,5.625632286071777,192.0,7.2953996658325195,-206.0,7.035799026489258,7.0,2.0,0,1000000.0
4.064030170440674,5.138117790222168,210.0,7.035799026489258,-166.0,6.776198387145996,6.0,2.0,0,1000000.0
4.139243125915527,5.266067981719971,148.0,6.776198387145996,-149.0,6.516597747802734,6.0,2.0,0,1000000.0
4.164336204528809,6.416086196899414,292.0,6.516597747802734,-282.0,6.256997108459473,7.0,2.0,0,1000000.0
4.329162120819092,5.627988338470459,156.0,6.256997108459473,-175.0,5.997396469116211,7.0,2.0,0,1000000.0
4.480199813842773,6.730584144592285,248.0,5.997396469116211,-214.0,5.737695693969727,7.0,2.0,0,1000000.0
4.38102912902832,6.300711154937744,183.0,5.737695693969727,-213.0,5.477099418640137,7.0,2.0,0,1000000.0
4.408214092254639,9.112654685974121,618.0,5.477099418640137,-564.0,5.217498779296875,7.0,2.0,0,1000000.0
4.688411235809326,6.805332183837891,166.0,5.217498779296875,-134.0,4.957798480987549,7.0,2.0,0,1000000.0
4.674405097961426,23.896936416625977,1787.0,4.957798480987549,-2210.0,4.698197841644287,7.0,2.0,0,1000000.0
4.628286838531494,6.261649131774902,213.0,4.698197841644287,-219.0,4.438597202301025,7.0,2.0,0,1000000.0
4.6791911125183105,5.907843589782715,198.0,4.438597202301025,-149.0,4.178996562957764,7.0,2.0,0,1000000.0
4.677896022796631,5.154200077056885,162.0,4.178996562957764,-143.0,3.919395923614502,7.0,2.0,0,1000000.0
4.791921138763428,6.016360759735107,289.0,3.919395923614502,-290.0,3.6586997509002686,7.0,2.0,0,1000000.0
4.660160064697266,6.3871870040893555,262.0,3.6586997509002686,-242.0,3.399099111557007,7.0,2.0,0,1000000.0
4.679835796356201,7.359652996063232,297.0,3.399099111557007,-300.0,3.139498472213745,7.0,2.0,0,1000000.0
4.614864826202393,6.7321553230285645,218.0,3.139498472213745,-200.0,2.8798978328704834,7.0,2.0,0,1000000.0
4.611734867095947,5.823833465576172,178.0,2.8798978328704834,-160.0,2.620197057723999,7.0,2.0,0,1000000.0
4.419067859649658,5.7372870445251465,186.0,2.620197057723999,-195.0,2.3605964183807373,7.0,2.0,0,1000000.0
4.448783874511719,7.386462211608887,359.0,2.3605964183807373,-252.0,2.1009957790374756,7.0,2.0,0,1000000.0
4.642477035522461,6.72512149810791,275.0,2.1009957790374756,-269.0,1.8402997255325317,7.0,2.0,0,1000000.0
4.728030204772949,6.372714519500732,266.0,1.8402997255325317,-244.0,1.58069908618927,7.0,2.0,0,1000000.0
4.576510906219482,7.953474521636963,418.0,1.58069908618927,-562.0,1.3210984468460083,7.0,2.0,0,1000000.0
4.530618190765381,7.420142650604248,205.0,1.3210984468460083,-256.0,1.0614978075027466,7.0,2.0,0,1000000.0
4.5168538093566895,7.37882137298584,223.0,1.0614978075027466,-178.0,0.8018972277641296,7.0,2.0,0,1000000.0
4.410623073577881,13.391263008117676,834.0,0.8018972277641296,-971.0,0.5422965884208679,7.0,2.0,0,1000000.0
4.339836120605469,55.9392204284668,3914.0,0.5422965884208679,-3301.0,0.2825959622859955,7.0,1.0,0,1000000.0
4.459338188171387,4.720756530761719,105.0,0.2825959622859955,-96.0,0.021999835968017578,7.0,2.0,0,1000000.0
4.542200088500977,3.6661765575408936,92.0,14.1806001663208,-93.0,0.0006954821874387562,6.0,3.0,0,1000000.0
4.492794036865234,3.6987357139587402,156.0,13.943399429321289,-160.0,13.683698654174805,6.0,3.0,1,1000000.0
4.396405220031738,3.5842642784118652,118.0,13.683698654174805,-101.0,13.424098014831543,6.0,3.0,0,1000000.0
4.450827121734619,3.6628832817077637,189.0,13.424098014831543,-103.0,13.164497375488281,6.0,3.0,0,1000000.0
4.62100076675415,3.498185396194458,116.0,13.164497375488281,-107.0,12.90489673614502,7.0,3.0,0,1000000.0
4.480313777923584,4.1787285804748535,218.0,12.90489673614502,-183.0,12.645296096801758,6.0,3.0,0,1000000.0
4.549520969390869,3.6667752265930176,105.0,12.645296096801758,-78.0,12.384599685668945,7.0,3.0,0,1000000.0
4.643518924713135,4.527706146240234,134.0,12.384599685668945,-148.0,12.124999046325684,7.0,3.0,0,1000000.0
4.520795822143555,4.126978874206543,136.0,12.124999046325684,-110.0,11.865398406982422,7.0,3.0,0,1000000.0
4.750487804412842,4.32692289352417,141.0,11.865398406982422,-108.0,11.60579776763916,7.0,3.0,0,1000000.0
4.806692123413086,4.712917804718018,193.0,11.60579776763916,-141.0,11.346096992492676,7.0,3.0,0,1000000.0
4.78953218460083,5.1846723556518555,180.0,11.346096992492676,-168.0,11.086496353149414,7.0,3.0,0,1000000.0
4.6850199699401855,4.530683994293213,174.0,11.086496353149414,-156.0,10.826895713806152,7.0,3.0,0,1000000.0
4.840863227844238,4.524374008178711,142.0,10.826895713806152,-142.0,10.566200256347656,7.0,3.0,0,1000000.0
4.737119197845459,4.830235481262207,121.0,10.566200256347656,-118.0,10.306599617004395,7.0,3.0,0,1000000.0
4.6255950927734375,4.803595066070557,205.0,10.306599617004395,-170.0,10.046998977661133,7.0,2.0,0,1000000.0
4.672277927398682,5.401753902435303,162.0,10.046998977661133,-166.0,9.787398338317871,7.0,2.0,0,1000000.0
4.685533046722412,5.509056091308594,138.0,9.787398338317871,-125.0,9.52779769897461,7.0,2.0,0,1000000.0
4.648522853851318,5.060805797576904,144.0,9.52779769897461,-127.0,9.268197059631348,7.0,2.0,0,1000000.0
4.852407932281494,5.759722709655762,167.0,9.268197059631348,-197.0,9.008596420288086,7.0,3.0,0,1000000.0
4.888411045074463,6.719662189483643,346.0,9.008596420288086,-268.0,8.748895645141602,7.0,3.0,0,1000000.0
4.655219078063965,5.113368988037109,187.0,8.748895645141602,-171.0,8.488299369812012,7.0,2.0,0,1000000.0
4.606825828552246,6.062577247619629,142.0,8.488299369812012,-141.0,8.228598594665527,7.0,2.0,0,1000000.0
4.564321041107178,6.098056793212891,186.0,8.228598594665527,-150.0,7.968997955322266,7.0,2.0,0,1000000.0
4.845085144042969,6.908832550048828,313.0,7.968997955322266,-247.0,7.709397315979004,7.0,2.0,0,1000000.0
4.9543938636779785,12.529463768005371,981.0,7.709397315979004,-938.0,7.449796676635742,8.0,2.0,0,1000000.0
4.828172206878662,6.58947229385376,200.0,7.449796676635742,-208.0,7.1901960372924805,7.0,2.0,0,1000000.0
4.866705894470215,6.940479278564453,321.0,7.1901960372924805,-329.0,6.930595397949219,7.0,2.0,0,1000000.0
5.054512023925781,6.5609450340271,207.0,6.930595397949219,-163.0,6.6698994636535645,8.0,3.0,0,1000000.0
4.905947208404541,24.118227005004883,1807.0,6.6698994636535645,-1399.0,6.410298824310303,8.0,2.0,0,1000000.0
4.805416107177734,7.524317264556885,361.0,6.410298824310303,-264.0,6.150698184967041,7.0,2.0,0,1000000.0
5.0453009605407715,5.689503192901611,177.0,6.150698184967041,-155.0,5.891097545623779,7.0,3.0,0,1000000.0
5.157125949859619,6.088820934295654,195.0,5.891097545623779,-191.0,5.631396770477295,7.0,3.0,0,1000000.0
4.826744079589844,5.341166019439697,151.0,5.631396770477295,-118.0,5.371796131134033,7.0,3.0,0,1000000.0
4.79993200302124,5.4799699783325195,150.0,5.371796131134033,-136.0,5.1121954917907715,7.0,2.0,0,1000000.0
4.890905857086182,6.90776252746582,308.0,5.1121954917907715,-223.0,4.851499557495117,7.0,2.0,0,1000000.0
4.905829906463623,6.75174617767334,272.0,4.851499557495117,-231.0,4.5918989181518555,7.0,2.0,0,1000000.0
5.088435173034668,6.6999993324279785,200.0,4.5918989181518555,-212.0,4.332298278808594,8.0,3.0,0,1000000.0
5.119784832000732,6.504623889923096,246.0,4.332298278808594,-270.0,4.072697639465332,8.0,3.0,0,1000000.0
5.02114200592041,7.032444477081299,276.0,4.072697639465332,-254.0,3.8130970001220703,7.0,3.0,0,1000000.0
5.031803131103516,7.106320381164551,269.0,3.8130970001220703,-255.0,3.5534963607788086,8.0,3.0,0,1000000.0
5.218091011047363,8.053905487060547,253.0,3.5534963607788086,-242.0,3.2937958240509033,8.0,3.0,0,1000000.0
4.7469282150268555,6.39993953704834,325.0,3.2937958240509033,-188.0,3.0331995487213135,7.0,2.0,0,1000000.0
4.916488170623779,7.540205001831055,255.0,3.0331995487213135,-275.0,2.7735989093780518,8.0,2.0,0,1000000.0
4.953579902648926,7.459146976470947,233.0,2.7735989093780518,-238.0,2.5138983726501465,8.0,2.0,0,1000000.0
4.801300048828125,8.582572937011719,325.0,2.5138983726501465,-406.0,2.2542977333068848,7.0,2.0,0,1000000.0
4.812561988830566,7.214483261108398,223.0,2.2542977333068848,-178.0,1.994697093963623,7.0,2.0,0,1000000.0
4.775940895080566,8.002311706542969,305.0,1.994697093963623,-250.0,1.7350964546203613,7.0,2.0,0,1000000.0
4.651214122772217,7.179343223571777,205.0,1.7350964546203613,-188.0,1.4754958152770996,7.0,2.0,0,1000000.0
4.654388904571533,8.199570655822754,360.0,1.4754958152770996,-330.0,1.2147996425628662,7.0,2.0,0,1000000.0
4.88450288772583,11.845965385437012,650.0,1.2147996425628662,-580.0,0.9551990628242493,8.0,2.0,0,1000000.0
4.883195877075195,12.976400375366211,819.0,0.9551990628242493,-995.0,0.6955984234809875,8.0,2.0,0,1000000.0
4.899486064910889,9.896848678588867,529.0,0.6955984234809875,-749.0,0.43599778413772583,8.0,2.0,0,1000000.0
5.039920806884766,44.720733642578125,4610.0,0.43599778413772583,-3112.0,0.1762971580028534,8.0,2.0,0,1000000.0
4.935163974761963,3.7244479656219482,149.0,8.85669994354248,-129.0,0.0007954850443638861,7.0,3.0,0,1000000.0
4.675745010375977,4.087388515472412,149.0,8.773696899414062,-138.0,8.5140962600708,7.0,3.0,1,1000000.0
4.7365617752075195,3.5358855724334717,157.0,8.5140962600708,-159.0,8.253399848937988,7.0,3.0,0,1000000.0
4.407608985900879,3.8192968368530273,144.0,8.253399848937988,-138.0,7.993799209594727,6.0,2.0,0,1000000.0
4.477328777313232,3.4906787872314453,122.0,7.993799209594727,-112.0,7.734198570251465,6.0,3.0,0,1000000.0
4.476212024688721,3.6357645988464355,96.0,7.734198570251465,-94.0,7.474597930908203,6.0,3.0,0,1000000.0
4.577445030212402,4.244269847869873,289.0,7.474597930908203,-210.0,7.214997291564941,7.0,3.0,0,1000000.0
4.558356761932373,3.737842082977295,110.0,7.214997291564941,-114.0,6.95539665222168,7.0,3.0,0,1000000.0
4.4810380935668945,4.731317520141602,212.0,6.95539665222168,-154.0,6.695695877075195,7.0,2.0,0,1000000.0
4.516489028930664,4.779786586761475,152.0,6.695695877075195,-144.0,6.4350996017456055,7.0,2.0,0,1000000.0
4.714849948883057,5.094601154327393,159.0,6.4350996017456055,-148.0,6.175498962402344,7.0,3.0,0,1000000.0
4.830277919769287,4.976648807525635,150.0,6.175498962402344,-129.0,5.915798664093018,7.0,3.0,0,1000000.0
4.799220085144043,4.995486736297607,189.0,5.915798664093018,-129.0,5.656198024749756,7.0,3.0,0,1000000.0
5.0506181716918945,5.288748264312744,137.0,5.656198024749756,-134.0,5.396597385406494,7.0,3.0,0,1000000.0
4.823212146759033,5.8212385177612305,199.0,5.396597385406494,-157.0,5.136996746063232,7.0,3.0,0,1000000.0
4.812245845794678,5.498068809509277,182.0,5.136996746063232,-216.0,4.877396106719971,7.0,3.0,0,1000000.0
4.89677095413208,5.351009368896484,147.0,4.877396106719971,-124.0,4.616699695587158,7.0,3.0,0,1000000.0
5.011669158935547,6.3876848220825195,259.0,4.616699695587158,-229.0,4.3570990562438965,7.0,3.0,0,1000000.0
4.899889945983887,5.3985371589660645,132.0,4.3570990562438965,-156.0,4.097498416900635,7.0,3.0,0,1000000.0
4.698945045471191,7.26819372177124,245.0,4.097498416900635,-168.0,3.837898015975952,7.0,2.0,0,1000000.0
4.690211772918701,5.651418209075928,147.0,3.837898015975952,-140.0,3.578197479248047,7.0,2.0,0,1000000.0
4.870511054992676,7.411270618438721,523.0,3.578197479248047,-574.0,3.318596839904785,7.0,2.0,0,1000000.0
4.86303186416626,7.033229827880859,245.0,3.318596839904785,-226.0,3.0589962005615234,7.0,2.0,0,1000000.0
4.645155906677246,6.478897571563721,257.0,3.0589962005615234,-183.0,2.79830002784729,7.0,2.0,0,1000000.0
4.810810089111328,8.236310005187988,256.0,2.79830002784729,-214.0,2.5386993885040283,7.0,2.0,0,1000000.0
4.839595794677734,9.183157920837402,550.0,2.5386993885040283,-546.0,2.2790987491607666,7.0,2.0,0,1000000.0
4.613296985626221,7.257473468780518,249.0,2.2790987491607666,-217.0,2.019498109817505,7.0,2.0,0,1000000.0
4.633738994598389,14.580915451049805,1091.0,2.019498109817505,-907.0,1.7598974704742432,7.0,2.0,0,1000000.0
4.51859188079834,9.56998062133789,502.0,1.7598974704742432,-405.0,1.5002968311309814,7.0,2.0,0,1000000.0
4.636880874633789,7.65537691116333,325.0,1.5002968311309814,-233.0,1.2406961917877197,7.0,2.0,0,1000000.0
4.4689531326293945,7.196188449859619,169.0,1.2406961917877197,-233.0,0.9809955358505249,7.0,2.0,0,1000000.0
4.619667053222656,8.021005630493164,300.0,0.9809955358505249,-256.0,0.7203993797302246,7.0,2.0,0,1000000.0
4.663782119750977,9.052496910095215,476.0,0.7203993797302246,-495.0,0.4606987535953522,7.0,2.0,0,1000000.0
4.669591903686523,49.73625564575195,5444.0,0.4606987535953522,-3704.0,0.20109812915325165,7.0,2.0,0,1000000.0
4.752176761627197,3.7891597747802734,110.0,12.694000244140625,-96.0,0.0010954869212582707,7.0,3.0,0,1000000.0
4.92014217376709,4.6574249267578125,194.0,12.635497093200684,-187.0,12.375896453857422,7.0,3.0,1,1000000.0
5.091451168060303,3.4743332862854004,123.0,12.375896453857422,-101.0,12.11629581451416,7.0,3.0,0,1000000.0
4.807815074920654,3.8212504386901855,144.0,12.11629581451416,-98.0,11.856695175170898,7.0,3.0,0,1000000.0
4.5578389167785645,3.3004603385925293,129.0,11.856695175170898,-104.0,11.595999717712402,6.0,3.0,0,1000000.0
4.867785930633545,3.8416504859924316,135.0,11.595999717712402,-116.0,11.33639907836914,7.0,3.0,0,1000000.0
4.719028949737549,3.874514579772949,163.0,11.33639907836914,-145.0,11.076798439025879,7.0,3.0,0,1000000.0
4.796271800994873,4.204521656036377,139.0,11.076798439025879,-135.0,10.817197799682617,7.0,3.0,0,1000000.0
4.694036960601807,4.535379886627197,158.0,10.817197799682617,-168.0,10.557497024536133,7.0,3.0,0,1000000.0
4.729557037353516,4.813558101654053,147.0,10.557497024536133,-160.0,10.297896385192871,7.0,3.0,0,1000000.0
4.837158203125,4.82396125793457,192.0,10.297896385192871,-131.0,10.03829574584961,7.0,3.0,0,1000000.0
4.700256824493408,4.527168273925781,170.0,10.03829574584961,-148.0,9.777599334716797,7.0,3.0,0,1000000.0
4.815353870391846,4.89793586730957,221.0,9.777599334716797,-183.0,9.517998695373535,7.0,3.0,0,1000000.0
4.817701816558838,4.857097625732422,125.0,9.517998695373535,-111.0,9.258398056030273,7.0,3.0,0,1000000.0
4.699808120727539,5.06092643737793,231.0,9.258398056030273,-180.0,8.998797416687012,7.0,3.0,0,1000000.0
4.672420024871826,5.795553684234619,276.0,8.998797416687012,-322.0,8.73919677734375,7.0,3.0,0,1000000.0
4.696691036224365,5.65840482711792,277.0,8.73919677734375,-193.0,8.479596138000488,7.0,2.0,0,1000000.0
4.7222490310668945,6.007660865783691,268.0,8.479596138000488,-196.0,8.219895362854004,7.0,2.0,0,1000000.0
4.867801189422607,5.314753532409668,159.0,8.219895362854004,-124.0,7.959299564361572,7.0,3.0,0,1000000.0
4.6353020668029785,5.853233814239502,193.0,7.959299564361572,-185.0,7.6996989250183105,7.0,2.0,0,1000000.0
4.781463146209717,6.101877689361572,321.0,7.6996989250183105,-264.0,7.439998149871826,7.0,2.0,0,1000000.0
4.75755500793457,5.842069625854492,230.0,7.439998149871826,-184.0,7.1803975105285645,7.0,2.0,0,1000000.0
4.6356730461120605,6.603682994842529,376.0,7.1803975105285645,-409.0,6.920796871185303,7.0,2.0,0,1000000.0
4.678147792816162,6.305424213409424,205.0,6.920796871185303,-147.0,6.661196231842041,7.0,2.0,0,1000000.0
4.8318939208984375,6.457289695739746,407.0,6.661196231842041,-300.0,6.401595592498779,7.0,2.0,0,1000000.0
4.852057933807373,6.431507110595703,237.0,6.401595592498779,-246.0,6.140899658203125,7.0,2.0,0,1000000.0
4.616654872894287,15.738565444946289,1037.0,6.140899658203125,-1305.0,5.881299018859863,7.0,2.0,0,1000000.0
4.690300941467285,7.125095844268799,266.0,5.881299018859863,-209.0,5.621698379516602,7.0,2.0,0,1000000.0
4.680890083312988,6.159811496734619,177.0,5.621698379516602,-191.0,5.36209774017334,7.0,2.0,0,1000000.0
4.579218864440918,7.062014579772949,239.0,5.36209774017334,-214.0,5.1023969650268555,7.0,2.0,0,1000000.0
4.584283828735352,6.8065266609191895,324.0,5.1023969650268555,-364.0,4.842796325683594,7.0,2.0,0,1000000.0
4.285149097442627,7.7324090003967285,303.0,4.842796325683594,-251.0,4.583195686340332,7.0,2.0,0,1000000.0
4.381523132324219,6.885794162750244,284.0,4.583195686340332,-182.0,4.322499752044678,7.0,2.0,0,1000000.0
4.2854108810424805,8.352507591247559,339.0,4.322499752044678,-269.0,4.062899112701416,7.0,2.0,0,1000000.0
4.227848052978516,6.91673469543457,265.0,4.062899112701416,-233.0,3.8032984733581543,7.0,2.0,0,1000000.0
4.404397010803223,8.593756675720215,430.0,3.8032984733581543,-374.0,3.5436978340148926,7.0,2.0,0,1000000.0
4.346962928771973,6.709198951721191,195.0,3.5436978340148926,-187.0,3.284097194671631,7.0,2.0,0,1000000.0
4.5463080406188965,7.612873077392578,294.0,3.284097194671631,-268.0,3.024496555328369,7.0,2.0,0,1000000.0
4.580111980438232,8.640320777893066,277.0,3.024496555328369,-239.0,2.764796018600464,7.0,2.0,0,1000000.0
4.395438194274902,14.424349784851074,941.0,2.764796018600464,-972.0,2.504199743270874,7.0,2.0,0,1000000.0
4.2433061599731445,7.7754669189453125,541.0,2.504199743270874,-542.0,2.2445991039276123,7.0,2.0,0,1000000.0
4.427101135253906,10.081331253051758,489.0,2.2445991039276123,-387.0,1.984898567199707,7.0,2.0,0,1000000.0
4.459714889526367,8.937435150146484,423.0,1.984898567199707,-378.0,1.7252979278564453,7.0,2.0,0,1000000.0
4.574838161468506,8.53373908996582,426.0,1.7252979278564453,-355.0,1.4656972885131836,7.0,2.0,0,1000000.0
4.454469203948975,9.679601669311523,625.0,1.4656972885131836,-530.0,1.2060966491699219,7.0,2.0,0,1000000.0
4.629169940948486,8.415800094604492,421.0,1.2060966491699219,-451.0,0.9464960098266602,7.0,2.0,0,1000000.0
4.515771865844727,8.642389297485352,370.0,0.9464960098266602,-389.0,0.6857998967170715,7.0,2.0,0,1000000.0
4.673334121704102,12.41387939453125,907.0,0.6857998967170715,-1085.0,0.4261992573738098,7.0,2.0,0,1000000.0
4.699750900268555,54.310089111328125,5115.0,0.4261992573738098,-4079.0,0.1665986180305481,8.0,2.0,0,1000000.0
4.509214878082275,4.117935657501221,176.0,8.055500030517578,-143.0,0.0005954894586466253,6.0,3.0,0,1000000.0
4.608230113983154,4.053679466247559,226.0,7.962997913360596,-178.0,7.703297138214111,7.0,3.0,1,1000000.0
4.590227127075195,3.9459712505340576,261.0,7.703297138214111,-225.0,7.44369649887085,6.0,3.0,0,1000000.0
4.519627094268799,3.6520802974700928,145.0,7.44369649887085,-123.0,7.184095859527588,6.0,3.0,0,1000000.0
4.530920028686523,3.512269973754883,130.0,7.184095859527588,-100.0,6.923399925231934,6.0,3.0,0,1000000.0
4.623076915740967,4.250023365020752,179.0,6.923399925231934,-151.0,6.663799285888672,7.0,3.0,0,1000000.0
4.621049880981445,4.363365650177002,169.0,6.663799285888672,-120.0,6.40419864654541,7.0,3.0,0,1000000.0
4.539931774139404,4.347209453582764,132.0,6.40419864654541,-147.0,6.144598007202148,7.0,3.0,0,1000000.0
4.375738143920898,4.11582612991333,161.0,6.144598007202148,-181.0,5.884997367858887,6.0,2.0,0,1000000.0
4.444869041442871,4.884329319000244,164.0,5.884997367858887,-146.0,5.625396728515625,7.0,2.0,0,1000000.0
4.4884138107299805,4.4507880210876465,129.0,5.625396728515625,-117.0,5.365796089172363,7.0,2.0,0,1000000.0
4.470542907714844,4.534693241119385,151.0,5.365796089172363,-126.0,5.106095314025879,7.0,2.0,0,1000000.0
4.430375099182129,4.64663028717041,144.0,5.106095314025879,-282.0,4.845499515533447,7.0,2.0,0,1000000.0
4.456180095672607,5.928650379180908,202.0,4.845499515533447,-197.0,4.585798740386963,7.0,2.0,0,1000000.0
4.26889705657959,5.322658061981201,208.0,4.585798740386963,-178.0,4.326198101043701,6.0,2.0,0,1000000.0
4.541601181030273,5.372560977935791,212.0,4.326198101043701,-167.0,4.0665974617004395,7.0,2.0,0,1000000.0
4.314998149871826,5.251249313354492,131.0,4.0665974617004395,-121.0,3.8069968223571777,7.0,2.0,0,1000000.0
4.581271171569824,5.654931545257568,191.0,3.8069968223571777,-160.0,3.547396183013916,7.0,2.0,0,1000000.0
4.517086029052734,6.266757488250732,239.0,3.547396183013916,-196.0,3.2877955436706543,7.0,2.0,0,1000000.0
4.339223861694336,5.971323013305664,229.0,3.2877955436706543,-166.0,3.027099370956421,7.0,2.0,0,1000000.0
4.488954067230225,5.5214385986328125,143.0,3.027099370956421,-140.0,2.767498731613159,7.0,2.0,0,1000000.0
4.442117214202881,6.951701641082764,418.0,2.767498731613159,-328.0,2.5078980922698975,7.0,2.0,0,1000000.0
4.386075019836426,7.4279913902282715,406.0,2.5078980922698975,-366.0,2.2482974529266357,7.0,2.0,0,1000000.0
4.515326023101807,6.484346866607666,171.0,2.2482974529266357,-226.0,1.9885969161987305,7.0,2.0,0,1000000.0
4.538978099822998,6.927216529846191,326.0,1.9885969161987305,-234.0,1.7289962768554688,7.0,2.0,0,1000000.0
4.376676082611084,6.770505428314209,351.0,1.7289962768554688,-372.0,1.469395637512207,7.0,2.0,0,1000000.0
4.558629035949707,7.302554607391357,249.0,1.469395637512207,-270.0,1.2086995840072632,7.0,2.0,0,1000000.0
4.4457621574401855,6.8551506996154785,299.0,1.2086995840072632,-328.0,0.9490988850593567,7.0,2.0,0,1000000.0
4.632717132568359,10.733280181884766,745.0,0.9490988850593567,-915.0,0.689498245716095,7.0,2.0,0,1000000.0
4.619242191314697,8.132676124572754,406.0,0.689498245716095,-361.0,0.42989763617515564,7.0,2.0,0,1000000.0
4.58322811126709,51.76742172241211,3747.0,0.42989763617515564,-2536.0,0.17029699683189392,7.0,2.0,0,1000000.0
4.341080188751221,3.596102714538574,146.0,7.059000015258789,-102.0,0.0010954911122098565,6.0,2.0,0,1000000.0
4.46464204788208,4.305912971496582,138.0,6.969696521759033,-153.0,6.709995746612549,6.0,2.0,1,1000000.0
4.442026138305664,4.5164713859558105,173.0,6.709995746612549,-145.0,6.449399471282959,7.0,2.0,0,1000000.0
4.374170780181885,3.7456865310668945,150.0,6.449399471282959,-149.0,6.189798831939697,6.0,2.0,0,1000000.0
4.5785231590271,4.230477333068848,196.0,6.189798831939697,-119.0,5.930098533630371,7.0,3.0,0,1000000.0
4.750460147857666,4.756509780883789,123.0,5.930098533630371,-178.0,5.670497894287109,7.0,3.0,0,1000000.0
4.685121059417725,4.824885845184326,191.0,5.670497894287109,-207.0,5.410897254943848,7.0,2.0,0,1000000.0
4.63363790512085,5.417120456695557,221.0,5.410897254943848,-148.0,5.151296615600586,7.0,2.0,0,1000000.0
4.6414690017700195,4.402641296386719,118.0,5.151296615600586,-107.0,4.891695976257324,7.0,3.0,0,1000000.0
4.780066967010498,4.190464973449707,114.0,4.891695976257324,-111.0,4.630999565124512,7.0,3.0,0,1000000.0
4.969814777374268,5.159172534942627,342.0,4.630999565124512,-365.0,4.37139892578125,7.0,3.0,0,1000000.0
4.855010986328125,5.091395378112793,304.0,4.37139892578125,-228.0,4.111798286437988,7.0,3.0,0,1000000.0
4.666086196899414,5.1374664306640625,187.0,4.111798286437988,-258.0,3.8521976470947266,7.0,2.0,0,1000000.0
4.477373123168945,6.7256646156311035,308.0,3.8521976470947266,-324.0,3.5924971103668213,7.0,2.0,0,1000000.0
4.318901062011719,5.574779510498047,171.0,3.5924971103668213,-145.0,3.3328964710235596,7.0,2.0,0,1000000.0
4.384264945983887,6.399270534515381,367.0,3.3328964710235596,-307.0,3.073295831680298,7.0,2.0,0,1000000.0
4.362432956695557,6.2061357498168945,272.0,3.073295831680298,-259.0,2.8125996589660645,7.0,2.0,0,1000000.0
4.260083198547363,6.516458511352539,297.0,2.8125996589660645,-353.0,2.5529990196228027,7.0,2.0,0,1000000.0
4.082180023193359,7.187376022338867,328.0,2.5529990196228027,-300.0,2.293398380279541,6.0,2.0,0,1000000.0
4.358727931976318,16.843046188354492,1597.0,2.293398380279541,-1869.0,2.0337977409362793,7.0,2.0,0,1000000.0
4.307065010070801,6.5127692222595215,217.0,2.0337977409362793,-251.0,1.7741972208023071,7.0,2.0,0,1000000.0
4.365653038024902,7.339155673980713,479.0,1.7741972208023071,-407.0,1.5145965814590454,7.0,2.0,0,1000000.0
4.172677040100098,6.337553024291992,226.0,1.5145965814590454,-211.0,1.2548959255218506,7.0,2.0,0,1000000.0
4.305857181549072,15.036365509033203,1456.0,1.2548959255218506,-1699.0,0.9942998290061951,7.0,2.0,0,1000000.0
4.197779178619385,6.516214370727539,198.0,0.9942998290061951,-216.0,0.7346991896629333,7.0,2.0,0,1000000.0
4.179964065551758,6.691244602203369,249.0,0.7346991896629333,-294.0,0.4749985337257385,7.0,2.0,0,1000000.0
4.186481952667236,52.67207717895508,4317.0,0.4749985337257385,-4392.0,0.215397909283638,7.0,1.0,0,1000000.0
4.094614028930664,3.8579018115997314,103.0,16.10740089416504,-109.0,0.0004954925389029086,6.0,2.0,0,1000000.0
4.13651180267334,4.365017414093018,231.0,16.063796997070312,-170.0,15.80419635772705,6.0,2.0,1,1000000.0
4.18125581741333,3.774310827255249,209.0,15.80419635772705,-174.0,15.544595718383789,6.0,2.0,0,1000000.0
4.06807279586792,3.7913978099823,125.0,15.544595718383789,-98.0,15.283900260925293,6.0,2.0,0,1000000.0
4.337530136108398,3.906308889389038,143.0,15.283900260925293,-131.0,15.024299621582031,6.0,2.0,0,1000000.0
4.260903835296631,4.866400718688965,241.0,15.024299621582031,-213.0,14.76469898223877,6.0,2.0,0,1000000.0
4.368680953979492,4.468671798706055,128.0,14.76469898223877,-128.0,14.505098342895508,6.0,2.0,0,1000000.0
4.407742977142334,4.4193243980407715,138.0,14.505098342895508,-120.0,14.245397567749023,6.0,2.0,0,1000000.0
4.404504776000977,4.1311564445495605,122.0,14.245397567749023,-159.0,13.985796928405762,6.0,2.0,0,1000000.0
4.334640979766846,3.595120429992676,130.0,13.985796928405762,-77.0,13.7261962890625,6.0,2.0,0,1000000.0
4.198972225189209,4.655194282531738,261.0,13.7261962890625,-193.0,13.465499877929688,6.0,2.0,0,1000000.0
4.309634208679199,4.7273945808410645,200.0,13.465499877929688,-309.0,13.205899238586426,6.0,2.0,0,1000000.0
4.322494029998779,4.380781173706055,184.0,13.205899238586426,-140.0,12.946298599243164,6.0,2.0,0,1000000.0
4.18597412109375,4.633902072906494,180.0,12.946298599243164,-163.0,12.686697959899902,6.0,2.0,0,1000000.0
4.336524963378906,5.073765277862549,219.0,12.686697959899902,-154.0,12.42709732055664,7.0,2.0,0,1000000.0
4.552412033081055,5.413114547729492,216.0,12.42709732055664,-182.0,12.167496681213379,7.0,2.0,0,1000000.0
4.405538082122803,5.126295566558838,166.0,12.167496681213379,-122.0,11.907896041870117,7.0,2.0,0,1000000.0
4.299109935760498,5.088770389556885,169.0,11.907896041870117,-136.0,11.648195266723633,7.0,2.0,0,1000000.0
4.2331647872924805,5.770237922668457,281.0,11.648195266723633,-316.0,11.387598991394043,6.0,2.0,0,1000000.0
4.342251777648926,5.5837297439575195,283.0,11.387598991394043,-222.0,11.127899169921875,7.0,2.0,0,1000000.0
4.185915946960449,5.272891521453857,224.0,11.127899169921875,-149.0,10.868298530578613,6.0,2.0,0,1000000.0
4.173768043518066,5.669477939605713,209.0,10.868298530578613,-267.0,10.608697891235352,6.0,2.0,0,1000000.0
4.386717796325684,5.382753372192383,155.0,10.608697891235352,-173.0,10.34909725189209,7.0,2.0,0,1000000.0
4.454761981964111,6.047896385192871,152.0,10.34909725189209,-146.0,10.089496612548828,7.0,2.0,0,1000000.0
4.320977210998535,7.660494327545166,392.0,10.089496612548828,-445.0,9.829895973205566,7.0,2.0,0,1000000.0
4.307638168334961,6.562838077545166,532.0,9.829895973205566,-396.0,9.569199562072754,7.0,2.0,0,1000000.0
4.576736927032471,6.655753135681152,273.0,9.569199562072754,-239.0,9.309598922729492,7.0,2.0,0,1000000.0
4.539979934692383,6.892480850219727,202.0,9.309598922729492,-182.0,9.04999828338623,7.0,2.0,0,1000000.0
4.461403846740723,28.44072723388672,2488.0,9.04999828338623,-1730.0,8.790397644042969,7.0,2.0,0,1000000.0
4.301270008087158,6.871755123138428,253.0,8.790397644042969,-204.0,8.530696868896484,7.0,2.0,0,1000000.0
4.3434648513793945,5.6114277839660645,218.0,8.530696868896484,-197.0,8.271096229553223,7.0,2.0,0,1000000.0
4.349119186401367,5.640625476837158,282.0,8.271096229553223,-211.0,8.011495590209961,7.0,2.0,0,1000000.0
4.51737117767334,4.785011291503906,140.0,8.011495590209961,-112.0,7.750799655914307,7.0,2.0,0,1000000.0
4.551609992980957,4.718163967132568,103.0,7.750799655914307,-96.0,7.491199016571045,7.0,2.0,0,1000000.0
4.424006938934326,7.187546253204346,432.0,7.491199016571045,-333.0,7.231598377227783,7.0,2.0,0,1000000.0
4.588943004608154,5.776242733001709,157.0,7.231598377227783,-161.0,6.9719977378845215,7.0,2.0,0,1000000.0
4.44379997253418,5.62094783782959,187.0,6.9719977378845215,-168.0,6.71239709854126,7.0,2.0,0,1000000.0
4.388632774353027,5.868980884552002,213.0,6.71239709854126,-258.0,6.452796459197998,7.0,2.0,0,1000000.0
4.252257823944092,6.584971904754639,197.0,6.452796459197998,-214.0,6.193095684051514,7.0,2.0,0,1000000.0
4.23602819442749,6.950271129608154,243.0,6.193095684051514,-283.0,5.932499408721924,7.0,2.0,0,1000000.0
4.055576801300049,6.480668067932129,305.0,5.932499408721924,-243.0,5.672898769378662,6.0,2.0,0,1000000.0
4.100103855133057,6.769883632659912,180.0,5.672898769378662,-211.0,5.413198471069336,7.0,2.0,0,1000000.0
4.07779598236084,8.235307693481445,389.0,5.413198471069336,-298.0,5.153597831726074,7.0,1.0,0,1000000.0
4.120513916015625,6.8137736320495605,295.0,5.153597831726074,-203.0,4.8939971923828125,7.0,2.0,0,1000000.0
4.34210205078125,6.823976993560791,258.0,4.8939971923828125,-247.0,4.634396553039551,7.0,2.0,0,1000000.0
4.431355953216553,9.315744400024414,458.0,4.634396553039551,-467.0,4.374795913696289,7.0,2.0,0,1000000.0
4.429655075073242,6.449490070343018,180.0,4.374795913696289,-227.0,4.114099502563477,7.0,2.0,0,1000000.0
4.475240230560303,7.959377765655518,413.0,4.114099502563477,-370.0,3.854499101638794,7.0,2.0,0,1000000.0
4.36033296585083,8.869510650634766,501.0,3.854499101638794,-386.0,3.5948984622955322,7.0,2.0,0,1000000.0
4.509400844573975,7.7877984046936035,293.0,3.5948984622955322,-290.0,3.3352978229522705,7.0,2.0,0,1000000.0
4.329428195953369,8.168412208557129,343.0,3.3352978229522705,-324.0,3.075597047805786,7.0,2.0,0,1000000.0
4.527108192443848,9.562658309936523,403.0,3.075597047805786,-314.0,2.8159964084625244,7.0,2.0,0,1000000.0
4.4108428955078125,9.002840042114258,285.0,2.8159964084625244,-310.0,2.5563957691192627,7.0,2.0,0,1000000.0
4.309031963348389,7.3507208824157715,234.0,2.5563957691192627,-331.0,2.2956998348236084,7.0,2.0,0,1000000.0
4.24156379699707,7.408324241638184,214.0,2.2956998348236084,-173.0,2.0360991954803467,7.0,2.0,0,1000000.0
4.290840148925781,9.078691482543945,328.0,2.0360991954803467,-380.0,1.7764984369277954,7.0,2.0,0,1000000.0
4.35403299331665,9.303898811340332,483.0,1.7764984369277954,-437.0,1.5168977975845337,7.0,2.0,0,1000000.0
4.358074188232422,8.701327323913574,330.0,1.5168977975845337,-463.0,1.257297158241272,7.0,2.0,0,1000000.0
4.202733993530273,7.200618267059326,210.0,1.257297158241272,-207.0,0.997696578502655,7.0,2.0,0,1000000.0
4.351521968841553,7.601643085479736,221.0,0.997696578502655,-187.0,0.7379959225654602,7.0,2.0,0,1000000.0
4.283627986907959,8.495417594909668,233.0,0.7379959225654602,-271.0,0.4773997962474823,7.0,2.0,0,1000000.0
4.446589946746826,44.21533966064453,3449.0,0.4773997962474823,-4482.0,0.21779915690422058,7.0,1.0,0,1000000.0
4.492275238037109,4.467223167419434,157.0,7.905600070953369,-163.0,0.00069549580803141,7.0,2.0,0,1000000.0
4.591186046600342,4.404658794403076,185.0,7.86409854888916,-195.0,7.604497909545898,7.0,3.0,1,1000000.0
4.595211029052734,4.37426233291626,280.0,7.604497909545898,-358.0,7.344897270202637,7.0,3.0,0,1000000.0
4.685586929321289,3.3349738121032715,101.0,7.344897270202637,-77.0,7.085296630859375,7.0,3.0,0,1000000.0
4.420632839202881,3.7828891277313232,182.0,7.085296630859375,-233.0,6.825695991516113,6.0,3.0,0,1000000.0
4.685226917266846,4.564619541168213,217.0,6.825695991516113,-197.0,6.565000057220459,7.0,3.0,0,1000000.0
4.377613067626953,3.671384811401367,78.0,6.565000057220459,-68.0,6.305399417877197,6.0,2.0,0,1000000.0
4.424022197723389,5.0371856689453125,243.0,6.305399417877197,-282.0,6.0457987785339355,6.0,2.0,0,1000000.0
4.661686897277832,3.9963576793670654,110.0,6.0457987785339355,-121.0,5.786198139190674,7.0,3.0,0,1000000.0
4.5466790199279785,4.235079288482666,126.0,5.786198139190674,-96.0,5.5264973640441895,7.0,3.0,0,1000000.0
4.528491973876953,4.716222763061523,190.0,5.5264973640441895,-194.0,5.266896724700928,7.0,2.0,0,1000000.0
4.77473783493042,4.58013916015625,216.0,5.266896724700928,-193.0,5.007296085357666,7.0,3.0,0,1000000.0
4.660226821899414,5.1503214836120605,206.0,5.007296085357666,-222.0,4.746600151062012,7.0,3.0,0,1000000.0
4.5059709548950195,4.847549915313721,178.0,4.746600151062012,-140.0,4.48699951171875,7.0,2.0,0,1000000.0
4.444594860076904,5.721142768859863,467.0,4.48699951171875,-410.0,4.227398872375488,7.0,2.0,0,1000000.0
4.2920708656311035,5.233254909515381,227.0,4.227398872375488,-195.0,3.9677979946136475,6.0,2.0,0,1000000.0
4.4626569747924805,5.52116584777832,332.0,3.9677979946136475,-372.0,3.7081973552703857,7.0,2.0,0,1000000.0
4.470457077026367,5.508275985717773,152.0,3.7081973552703857,-152.0,3.448596715927124,7.0,2.0,0,1000000.0
4.45729923248291,5.463123321533203,243.0,3.448596715927124,-210.0,3.1889960765838623,7.0,2.0,0,1000000.0
4.325622081756592,5.523068904876709,138.0,3.1889960765838623,-135.0,2.929295539855957,7.0,2.0,0,1000000.0
4.310902118682861,5.369688987731934,153.0,2.929295539855957,-149.0,2.668699264526367,7.0,2.0,0,1000000.0
4.6864800453186035,6.436844348907471,224.0,2.668699264526367,-218.0,2.408998727798462,7.0,2.0,0,1000000.0
4.685862064361572,6.310238361358643,295.0,2.408998727798462,-328.0,2.1493980884552,7.0,2.0,0,1000000.0
4.5728020668029785,7.459474086761475,357.0,2.1493980884552,-353.0,1.8897974491119385,7.0,2.0,0,1000000.0
4.542640209197998,6.1145548820495605,197.0,1.8897974491119385,-235.0,1.6301968097686768,7.0,2.0,0,1000000.0
4.497056007385254,6.655028820037842,179.0,1.6301968097686768,-162.0,1.370596170425415,7.0,2.0,0,1000000.0
4.4739670753479,7.008384704589844,317.0,1.370596170425415,-248.0,1.1109955310821533,7.0,2.0,0,1000000.0
4.382418155670166,6.007453918457031,159.0,1.1109955310821533,-175.0,0.8502994179725647,7.0,2.0,0,1000000.0
4.356564998626709,13.366707801818848,793.0,0.8502994179725647,-702.0,0.590698778629303,7.0,2.0,0,1000000.0
4.559732913970947,22.047414779663086,2259.0,0.590698778629303,-1515.0,0.33109816908836365,7.0,2.0,0,1000000.0
4.638981819152832,48.95145034790039,2951.0,0.33109816908836365,-2699.0,0.07149753719568253,7.0,2.0,0,1000000.0
4.649896144866943,3.8362877368927,151.0,9.637100219726562,-110.0,0.00019549742864910513,7.0,3.0,0,1000000.0
4.903440952301025,4.332785606384277,160.0,9.449796676635742,-139.0,9.19019603729248,7.0,3.0,1,1000000.0
4.702803134918213,3.506786823272705,85.0,9.19019603729248,-90.0,8.930595397949219,7.0,3.0,0,1000000.0
4.709000110626221,3.83563232421875,149.0,8.930595397949219,-121.0,8.669899940490723,7.0,3.0,0,1000000.0
4.612301826477051,4.513387680053711,169.0,8.669899940490723,-201.0,8.410299301147461,7.0,3.0,0,1000000.0
4.706267833709717,4.369325637817383,126.0,8.410299301147461,-131.0,8.1506986618042,7.0,3.0,0,1000000.0
4.6804118156433105,4.412765979766846,163.0,8.1506986618042,-142.0,7.891097545623779,7.0,3.0,0,1000000.0
4.471556186676025,4.087274551391602,303.0,7.891097545623779,-207.0,7.631496906280518,6.0,2.0,0,1000000.0
4.291427135467529,4.253049373626709,106.0,7.631496906280518,-108.0,7.371896266937256,6.0,2.0,0,1000000.0
4.411341190338135,4.611832141876221,129.0,7.371896266937256,-145.0,7.1121954917907715,6.0,2.0,0,1000000.0
4.318714141845703,4.612605094909668,206.0,7.1121954917907715,-154.0,6.85159969329834,6.0,2.0,0,1000000.0
4.254191875457764,4.838992595672607,189.0,6.85159969329834,-157.0,6.5918989181518555,6.0,2.0,0,1000000.0
4.373589992523193,4.908496379852295,213.0,6.5918989181518555,-211.0,6.332298278808594,7.0,2.0,0,1000000.0
4.563835144042969,4.923727035522461,203.0,6.332298278808594,-192.0,6.072697639465332,7.0,2.0,0,1000000.0
4.49765682220459,5.262317180633545,185.0,6.072697639465332,-121.0,5.81309700012207,7.0,2.0,0,1000000.0
4.549194812774658,5.47529935836792,194.0,5.81309700012207,-193.0,5.553496360778809,7.0,2.0,0,1000000.0
4.339578151702881,5.261397361755371,206.0,5.553496360778809,-129.0,5.293895721435547,7.0,2.0,0,1000000.0
4.352035999298096,5.15202522277832,218.0,5.293895721435547,-141.0,5.033199787139893,7.0,2.0,0,1000000.0
4.559380054473877,4.99154806137085,211.0,5.033199787139893,-193.0,4.773599147796631,7.0,2.0,0,1000000.0
4.810234069824219,5.691417694091797,249.0,4.773599147796631,-213.0,4.513998508453369,7.0,2.0,0,1000000.0
4.4658379554748535,6.109408378601074,265.0,4.513998508453369,-334.0,4.254397869110107,7.0,2.0,0,1000000.0
4.688024044036865,7.1465349197387695,452.0,4.254397869110107,-566.0,3.994697093963623,7.0,2.0,0,1000000.0
4.862873077392578,6.108755111694336,228.0,3.994697093963623,-154.0,3.7350964546203613,7.0,2.0,0,1000000.0
4.642210006713867,6.484225749969482,254.0,3.7350964546203613,-232.0,3.4754958152770996,7.0,2.0,0,1000000.0
4.575926780700684,7.268417835235596,231.0,3.4754958152770996,-209.0,3.214799642562866,7.0,2.0,0,1000000.0
4.619444847106934,6.428077220916748,187.0,3.214799642562866,-220.0,2.9551990032196045,7.0,2.0,0,1000000.0
4.696697235107422,7.003021717071533,342.0,2.9551990032196045,-425.0,2.6955983638763428,7.0,2.0,0,1000000.0
4.722856044769287,7.464602947235107,284.0,2.6955983638763428,-250.0,2.435997724533081,7.0,2.0,0,1000000.0
4.607676029205322,6.721977710723877,284.0,2.435997724533081,-342.0,2.1763970851898193,7.0,2.0,0,1000000.0
4.586449146270752,7.851434707641602,322.0,2.1763970851898193,-308.0,1.9167965650558472,7.0,2.0,0,1000000.0
4.476749897003174,8.316182136535645,323.0,1.9167965650558472,-297.0,1.6570959091186523,7.0,2.0,0,1000000.0
4.484813213348389,9.63877010345459,565.0,1.6570959091186523,-522.0,1.396499752998352,7.0,2.0,0,1000000.0
4.684945106506348,7.094563961029053,209.0,1.396499752998352,-252.0,1.1368991136550903,7.0,2.0,0,1000000.0
4.594118118286133,6.883264064788818,224.0,1.1368991136550903,-213.0,0.8771985173225403,7.0,2.0,0,1000000.0
4.532976150512695,6.919223785400391,203.0,0.8771985173225403,-172.0,0.6175978779792786,7.0,2.0,0,1000000.0
4.439798831939697,6.683386325836182,197.0,0.6175978779792786,-215.0,0.35799723863601685,7.0,2.0,0,1000000.0
4.423329830169678,59.63663864135742,3382.0,0.35799723863601685,-4299.0,0.09839661419391632,7.0,2.0,0,1000000.0
4.6141462326049805,4.2182297706604,176.0,11.426400184631348,-186.0,0.0004954994074068964,7.0,3.0,0,1000000.0
4.595667839050293,4.109493732452393,132.0,11.265795707702637,-142.0,11.00510025024414,7.0,3.0,1,1000000.0
4.627208232879639,3.3220744132995605,73.0,11.00510025024414,-68.0,10.745499610900879,7.0,3.0,0,1000000.0
4.516938209533691,3.8037514686584473,143.0,10.745499610900879,-119.0,10.485898971557617,6.0,3.0,0,1000000.0
4.346042156219482,4.320038795471191,190.0,10.485898971557617,-171.0,10.226298332214355,6.0,2.0,0,1000000.0
4.446403980255127,4.281239986419678,162.0,10.226298332214355,-164.0,9.966597557067871,6.0,2.0,0,1000000.0
4.451876163482666,4.673704624176025,182.0,9.966597557067871,-197.0,9.70699691772461,7.0,2.0,0,1000000.0
4.450685024261475,4.6225080490112305,320.0,9.70699691772461,-238.0,9.447396278381348,7.0,2.0,0,1000000.0
4.501382827758789,4.685443878173828,175.0,9.447396278381348,-186.0,9.186699867248535,7.0,2.0,0,1000000.0
4.4390788078308105,5.320760250091553,265.0,9.186699867248535,-264.0,8.927099227905273,7.0,2.0,0,1000000.0
4.6008501052856445,4.757272243499756,323.0,8.927099227905273,-263.0,8.667498588562012,7.0,3.0,0,1000000.0
4.448551177978516,4.844268798828125,183.0,8.667498588562012,-124.0,8.40789794921875,7.0,2.0,0,1000000.0
4.2621169090271,5.140143871307373,191.0,8.40789794921875,-165.0,8.148297309875488,6.0,2.0,0,1000000.0
4.4598188400268555,5.326221466064453,287.0,8.148297309875488,-167.0,7.888696670532227,7.0,2.0,0,1000000.0
4.614846229553223,4.949284076690674,122.0,7.888696670532227,-123.0,7.629096031188965,7.0,2.0,0,1000000.0
4.642576217651367,4.972508430480957,126.0,7.629096031188965,-118.0,7.3684000968933105,7.0,2.0,0,1000000.0
4.65241813659668,5.734581470489502,317.0,7.3684000968933105,-261.0,7.108799457550049,7.0,2.0,0,1000000.0
4.596330165863037,5.113145351409912,180.0,7.108799457550049,-149.0,6.8490986824035645,7.0,2.0,0,1000000.0
4.55770206451416,6.1272382736206055,175.0,6.8490986824035645,-207.0,6.589498043060303,7.0,2.0,0,1000000.0
4.625809192657471,5.882871627807617,203.0,6.589498043060303,-256.0,6.329897403717041,7.0,2.0,0,1000000.0
4.4931640625,6.326221466064453,277.0,6.329897403717041,-327.0,6.070296764373779,7.0,2.0,0,1000000.0
4.570248126983643,6.05254602432251,180.0,6.070296764373779,-208.0,5.810696125030518,7.0,2.0,0,1000000.0
4.498136043548584,6.2030744552612305,207.0,5.810696125030518,-216.0,5.551095485687256,7.0,2.0,0,1000000.0
4.287843227386475,5.637787342071533,124.0,5.551095485687256,-148.0,5.290399551391602,7.0,2.0,0,1000000.0
4.188961982727051,6.065496444702148,294.0,5.290399551391602,-290.0,5.03079891204834,7.0,2.0,0,1000000.0
4.448668956756592,7.509044647216797,390.0,5.03079891204834,-273.0,4.771198272705078,7.0,2.0,0,1000000.0
4.451554775238037,15.940831184387207,1346.0,4.771198272705078,-1165.0,4.511597633361816,7.0,2.0,0,1000000.0
4.392906188964844,6.8795342445373535,272.0,4.511597633361816,-212.0,4.251896858215332,7.0,2.0,0,1000000.0
4.290156841278076,6.026339054107666,189.0,4.251896858215332,-169.0,3.9922962188720703,7.0,2.0,0,1000000.0
4.316134929656982,6.843245029449463,190.0,3.9922962188720703,-204.0,3.7326955795288086,7.0,2.0,0,1000000.0
4.318202972412109,6.658860206604004,200.0,3.7326955795288086,-248.0,3.471999406814575,7.0,2.0,0,1000000.0
4.308848857879639,7.315918445587158,241.0,3.471999406814575,-191.0,3.2123987674713135,7.0,2.0,0,1000000.0
4.413331031799316,8.316784858703613,281.0,3.2123987674713135,-296.0,2.9527981281280518,7.0,2.0,0,1000000.0
4.344472885131836,6.463464736938477,190.0,2.9527981281280518,-174.0,2.69319748878479,7.0,2.0,0,1000000.0
4.291125774383545,6.929815292358398,169.0,2.69319748878479,-229.0,2.4335968494415283,7.0,2.0,0,1000000.0
4.535943031311035,7.688168048858643,324.0,2.4335968494415283,-304.0,2.1739964485168457,7.0,2.0,0,1000000.0
4.280481815338135,7.195878028869629,191.0,2.1739962100982666,-234.0,1.9142956733703613,7.0,2.0,0,1000000.0
4.342978000640869,7.342278957366943,207.0,1.9142956733703613,-210.0,1.653699517250061,7.0,2.0,0,1000000.0
4.512925148010254,8.638612747192383,358.0,1.653699517250061,-401.0,1.3939989805221558,7.0,2.0,0,1000000.0
4.388495922088623,7.233870029449463,272.0,1.3939989805221558,-263.0,1.134398341178894,7.0,2.0,0,1000000.0
4.4038519859313965,7.898947715759277,275.0,1.134398341178894,-239.0,0.8747976422309875,7.0,2.0,0,1000000.0
4.334874153137207,6.609777927398682,215.0,0.8747976422309875,-214.0,0.6151970624923706,7.0,2.0,0,1000000.0
4.267299175262451,9.923144340515137,604.0,0.6151970028877258,-569.0,0.3555963933467865,7.0,2.0,0,1000000.0
4.516201972961426,52.766422271728516,3512.0,0.3555963933467865,-4203.0,0.09599576890468597,7.0,2.0,0,1000000.0
4.582435131072998,4.038655757904053,183.0,11.024200439453125,-143.0,0.0001955017214640975,7.0,3.0,0,1000000.0
4.595634937286377,3.7383158206939697,103.0,10.860300064086914,-97.0,10.600699424743652,7.0,3.0,1,1000000.0
4.5744500160217285,3.2649288177490234,107.0,10.600699424743652,-71.0,10.34109878540039,6.0,3.0,0,1000000.0
4.580560207366943,4.2662434577941895,176.0,10.34109878540039,-166.0,10.081498146057129,7.0,3.0,0,1000000.0
4.665070056915283,4.175924777984619,179.0,10.081498146057129,-186.0,9.821797370910645,7.0,3.0,0,1000000.0
4.941250801086426,4.141228199005127,168.0,9.821797370910645,-143.0,9.562196731567383,7.0,3.0,0,1000000.0
4.781957149505615,4.159616470336914,106.0,9.562196731567383,-101.0,9.302596092224121,7.0,3.0,0,1000000.0
4.876070022583008,5.237866401672363,239.0,9.302596092224121,-196.0,9.041899681091309,7.0,3.0,0,1000000.0
4.839695930480957,4.712364673614502,254.0,9.041899681091309,-170.0,8.782299041748047,7.0,3.0,0,1000000.0
4.4809980392456055,4.588037967681885,193.0,8.782299041748047,-193.0,8.522698402404785,7.0,2.0,0,1000000.0
4.486630916595459,4.859137058258057,286.0,8.522698402404785,-229.0,8.263097763061523,7.0,2.0,0,1000000.0
4.431217193603516,5.252545356750488,238.0,8.263097763061523,-188.0,8.003497123718262,7.0,2.0,0,1000000.0
4.777874946594238,4.787811756134033,136.0,8.003497123718262,-130.0,7.743896484375,7.0,3.0,0,1000000.0
4.649263858795166,4.901813983917236,175.0,7.743896484375,-157.0,7.484195709228516,7.0,2.0,0,1000000.0
4.587335109710693,5.405351161956787,200.0,7.484195709228516,-242.0,7.223599910736084,7.0,2.0,0,1000000.0
4.618445873260498,5.069153785705566,160.0,7.223599910736084,-128.0,6.963999271392822,7.0,2.0,0,1000000.0
4.581353187561035,5.640397548675537,198.0,6.963999271392822,-194.0,6.704298496246338,7.0,2.0,0,1000000.0
4.730914115905762,6.682850360870361,282.0,6.704298496246338,-275.0,6.444697856903076,7.0,2.0,0,1000000.0
4.6230268478393555,5.75931453704834,151.0,6.444697856903076,-141.0,6.1850972175598145,7.0,2.0,0,1000000.0
4.630928039550781,6.466038703918457,286.0,6.1850972175598145,-204.0,5.925496578216553,7.0,2.0,0,1000000.0
4.331336975097656,6.150759220123291,312.0,5.925496578216553,-321.0,5.665895938873291,7.0,2.0,0,1000000.0
4.508523941040039,6.165394306182861,250.0,5.665895938873291,-223.0,5.405200004577637,7.0,2.0,0,1000000.0
4.561103820800781,6.799464702606201,221.0,5.405200004577637,-203.0,5.145599365234375,7.0,2.0,0,1000000.0
4.4948649406433105,5.712579727172852,154.0,5.145599365234375,-155.0,4.885998725891113,7.0,2.0,0,1000000.0
4.439844131469727,6.2375335693359375,231.0,4.885998725891113,-201.0,4.626398086547852,7.0,2.0,0,1000000.0
4.460843086242676,6.495861530303955,370.0,4.626398086547852,-294.0,4.366697311401367,7.0,2.0,0,1000000.0
4.570664882659912,6.6326212882995605,282.0,4.366697311401367,-297.0,4.1070966720581055,7.0,2.0,0,1000000.0
4.63804817199707,6.693177223205566,278.0,4.1070966720581055,-270.0,3.8474960327148438,7.0,2.0,0,1000000.0
4.609059810638428,6.31458854675293,214.0,3.8474960327148438,-182.0,3.5867998600006104,7.0,2.0,0,1000000.0
4.629021167755127,6.928594589233398,246.0,3.5867998600006104,-246.0,3.3271992206573486,7.0,2.0,0,1000000.0
4.5032958984375,6.90349006652832,240.0,3.3271992206573486,-251.0,3.067598581314087,7.0,2.0,0,1000000.0
4.691833972930908,7.597396373748779,356.0,3.067598581314087,-246.0,2.807997941970825,7.0,2.0,0,1000000.0
4.570456027984619,10.510679244995117,607.0,2.807997941970825,-499.0,2.5483973026275635,7.0,2.0,0,1000000.0
4.729247093200684,8.175802230834961,382.0,2.5483973026275635,-336.0,2.2887966632843018,7.0,2.0,0,1000000.0
4.6227288246154785,9.912342071533203,547.0,2.2887966632843018,-617.0,2.02919602394104,7.0,2.0,0,1000000.0
4.377570152282715,8.573699951171875,292.0,2.02919602394104,-281.0,1.7684999704360962,7.0,2.0,0,1000000.0
4.662596225738525,8.24411392211914,520.0,1.7684999704360962,-274.0,1.5088993310928345,7.0,2.0,0,1000000.0
4.463874816894531,9.040594100952148,481.0,1.5088993310928345,-424.0,1.2491986751556396,7.0,2.0,0,1000000.0
4.284441947937012,7.417323589324951,459.0,1.2491986751556396,-301.0,0.9895980954170227,7.0,2.0,0,1000000.0
4.5061469078063965,6.7989935874938965,204.0,0.9895980954170227,-252.0,0.729997456073761,7.0,2.0,0,1000000.0
4.706340789794922,7.561572074890137,309.0,0.729997456073761,-335.0,0.47039681673049927,7.0,2.0,0,1000000.0
4.751479148864746,52.11667251586914,2838.0,0.47039681673049927,-2941.0,0.21079617738723755,8.0,2.0,0,1000000.0
4.890854835510254,4.718597412109375,221.0,8.828100204467773,-239.0,9.550396498525515e-05,7.0,3.0,0,1000000.0
4.701114177703857,3.953277826309204,135.0,8.780195236206055,-142.0,8.519499778747559,7.0,3.0,1,1000000.0
4.7568559646606445,3.6260592937469482,138.0,8.519499778747559,-141.0,8.259899139404297,7.0,3.0,0,1000000.0
4.762021064758301,3.763930082321167,196.0,8.259899139404297,-197.0,8.000298500061035,7.0,3.0,0,1000000.0
4.7845940589904785,4.213925838470459,155.0,8.000298500061035,-138.0,7.740697383880615,7.0,3.0,0,1000000.0
4.646711826324463,4.003393650054932,163.0,7.740697383880615,-159.0,7.480997085571289,7.0,3.0,0,1000000.0
4.816390037536621,4.006308555603027,135.0,7.480997085571289,-100.0,7.221396446228027,7.0,3.0,0,1000000.0
4.754909038543701,4.936285972595215,204.0,7.221396446228027,-169.0,6.961795806884766,7.0,3.0,0,1000000.0
4.78904390335083,4.269750595092773,143.0,6.961795806884766,-129.0,6.701099395751953,7.0,3.0,0,1000000.0
4.664938926696777,4.584700584411621,206.0,6.701099395751953,-170.0,6.441498756408691,7.0,3.0,0,1000000.0
4.782094955444336,5.10466194152832,262.0,6.441498756408691,-248.0,6.18189811706543,7.0,3.0,0,1000000.0
4.756950855255127,4.7321343421936035,160.0,6.18189811706543,-143.0,5.922297477722168,7.0,3.0,0,1000000.0
4.780388832092285,5.365654945373535,298.0,5.922297477722168,-237.0,5.662696838378906,7.0,3.0,0,1000000.0
4.676874160766602,5.317506790161133,278.0,5.662696838378906,-287.0,5.4030961990356445,7.0,3.0,0,1000000.0
4.528229236602783,4.745377540588379,178.0,5.4030961990356445,-152.0,5.143395900726318,7.0,2.0,0,1000000.0
4.727035045623779,5.090314865112305,217.0,5.143395900726318,-219.0,4.8827996253967285,7.0,3.0,0,1000000.0
4.594468116760254,5.560047626495361,249.0,4.8827996253967285,-201.0,4.623098850250244,7.0,2.0,0,1000000.0
4.465898036956787,5.127016544342041,149.0,4.623098850250244,-146.0,4.363498210906982,7.0,2.0,0,1000000.0
4.508855819702148,5.7104716300964355,251.0,4.363498210906982,-246.0,4.103897571563721,7.0,2.0,0,1000000.0
4.437231063842773,5.998020648956299,192.0,4.103897571563721,-211.0,3.844296932220459,7.0,2.0,0,1000000.0
4.544017791748047,6.103593826293945,297.0,3.844296932220459,-231.0,3.5846962928771973,7.0,2.0,0,1000000.0
4.620010852813721,6.152616024017334,172.0,3.5846962928771973,-154.0,3.3250956535339355,7.0,2.0,0,1000000.0
4.772132873535156,6.546494960784912,216.0,3.3250956535339355,-191.0,3.0643997192382812,7.0,2.0,0,1000000.0
4.7209792137146,7.050049304962158,306.0,3.0643997192382812,-374.0,2.8047990798950195,7.0,2.0,0,1000000.0
4.657032012939453,6.664626598358154,341.0,2.8047990798950195,-249.0,2.545198440551758,7.0,2.0,0,1000000.0
4.716916084289551,8.251358985900879,321.0,2.545198440551758,-316.0,2.285597801208496,7.0,2.0,0,1000000.0
4.7572407722473145,7.867404937744141,330.0,2.285597801208496,-258.0,2.0258970260620117,7.0,2.0,0,1000000.0
4.616367816925049,6.843706130981445,288.0,2.0258970260620117,-308.0,1.7662965059280396,7.0,2.0,0,1000000.0
4.633431911468506,6.759629726409912,166.0,1.7662965059280396,-168.0,1.5066958665847778,7.0,2.0,0,1000000.0
4.610128879547119,9.225530624389648,523.0,1.5066958665847778,-596.0,1.2459996938705444,7.0,2.0,0,1000000.0
4.646088123321533,19.892168045043945,2248.0,1.2459996938705444,-1621.0,0.9863990545272827,7.0,2.0,0,1000000.0
4.802370071411133,11.87693977355957,985.0,0.9863990545272827,-759.0,0.726798415184021,8.0,2.0,0,1000000.0
4.682676792144775,6.887970924377441,339.0,0.726798415184021,-305.0,0.46719780564308167,7.0,2.0,0,1000000.0
4.785572052001953,58.2189826965332,4281.0,0.46719780564308167,-3905.0,0.20759716629981995,7.0,2.0,0,1000000.0
4.8651652336120605,4.408352851867676,215.0,8.565999984741211,-187.0,9.550576214678586e-05,7.0,3.0,0,1000000.0
4.78421688079834,4.217401027679443,170.0,8.514996528625488,-202.0,8.255295753479004,7.0,3.0,1,1000000.0
4.774604797363281,3.647099018096924,104.0,8.255295753479004,-103.0,7.994699954986572,7.0,3.0,0,1000000.0
4.778224945068359,3.591525077819824,181.0,7.994699954986572,-142.0,7.7350993156433105,7.0,3.0,0,1000000.0
4.779620170593262,3.992380380630493,136.0,7.7350993156433105,-124.0,7.475398540496826,7.0,3.0,0,1000000.0
4.683132171630859,4.43956184387207,164.0,7.475398540496826,-123.0,7.2157979011535645,7.0,3.0,0,1000000.0
4.43950891494751,4.241353511810303,121.0,7.2157979011535645,-87.0,6.956197261810303,6.0,2.0,0,1000000.0
4.722451210021973,4.896092414855957,168.0,6.956197261810303,-132.0,6.696596622467041,7.0,3.0,0,1000000.0
4.483738899230957,4.173858642578125,148.0,6.696596622467041,-141.0,6.436995983123779,7.0,2.0,0,1000000.0
4.5942301750183105,3.9850013256073,224.0,6.436995983123779,-185.0,6.176300048828125,7.0,3.0,0,1000000.0
4.417267799377441,4.247855186462402,142.0,6.176300048828125,-151.0,5.916699409484863,6.0,2.0,0,1000000.0
4.450980186462402,4.707881927490234,205.0,5.916699409484863,-150.0,5.657098770141602,6.0,2.0,0,1000000.0
4.685854911804199,4.408055782318115,190.0,5.657098770141602,-201.0,5.39749813079834,7.0,3.0,0,1000000.0
4.730647087097168,4.813343048095703,256.0,5.39749813079834,-198.0,5.1377973556518555,7.0,3.0,0,1000000.0
4.714795112609863,4.870203971862793,174.0,5.1377973556518555,-218.0,4.878196716308594,7.0,3.0,0,1000000.0
4.598229885101318,5.904914855957031,282.0,4.878196716308594,-221.0,4.618596076965332,7.0,2.0,0,1000000.0
4.508450031280518,5.274431228637695,227.0,4.618596076965332,-222.0,4.357900142669678,7.0,2.0,0,1000000.0
4.372494220733643,5.9886274337768555,316.0,4.3578996658325195,-187.0,4.098299503326416,7.0,2.0,0,1000000.0
4.597714900970459,7.051666259765625,375.0,4.098299503326416,-296.0,3.838698625564575,7.0,2.0,0,1000000.0
4.610434055328369,5.767063617706299,235.0,3.838698625564575,-184.0,3.5790979862213135,7.0,2.0,0,1000000.0
4.347714900970459,6.122751235961914,164.0,3.5790979862213135,-183.0,3.3194973468780518,7.0,2.0,0,1000000.0
4.363346099853516,6.032618522644043,185.0,3.3194973468780518,-232.0,3.05989670753479,7.0,2.0,0,1000000.0
4.380321025848389,6.085965156555176,182.0,3.05989670753479,-198.0,2.8002960681915283,7.0,2.0,0,1000000.0
4.610558032989502,6.042748928070068,220.0,2.8002960681915283,-169.0,2.539599895477295,7.0,2.0,0,1000000.0
4.719772815704346,5.881028652191162,189.0,2.539599895477295,-128.0,2.279999256134033,7.0,2.0,0,1000000.0
4.613769054412842,6.673513889312744,219.0,2.279999256134033,-167.0,2.020298719406128,7.0,2.0,0,1000000.0
4.368165016174316,6.834280490875244,346.0,2.020298719406128,-243.0,1.7606980800628662,7.0,2.0,0,1000000.0
4.6286821365356445,6.153210163116455,201.0,1.7606980800628662,-170.0,1.5010974407196045,7.0,2.0,0,1000000.0
4.606534957885742,7.98863410949707,360.0,1.5010974407196045,-409.0,1.2414968013763428,7.0,2.0,0,1000000.0
4.521010875701904,6.856877326965332,285.0,1.2414968013763428,-326.0,0.981896162033081,7.0,2.0,0,1000000.0
4.421168804168701,6.806210517883301,194.0,0.981896162033081,-208.0,0.7222955226898193,7.0,2.0,0,1000000.0
4.575900077819824,6.377884864807129,161.0,0.7222955226898193,-156.0,0.4615994095802307,7.0,2.0,0,1000000.0
4.5858988761901855,50.95182800292969,3479.0,0.4615994095802307,-5515.0,0.201998770236969,7.0,2.0,0,1000000.0
4.518240928649902,4.102279186248779,136.0,14.751799583435059,-124.0,0.0008955075172707438,7.0,3.0,0,1000000.0
4.328503131866455,3.9330954551696777,149.0,14.694397926330566,-112.0,14.434697151184082,6.0,2.0,1,1000000.0
4.590069770812988,3.512683391571045,92.0,14.434697151184082,-81.0,14.17509651184082,6.0,3.0,0,1000000.0
4.6938700675964355,3.502699851989746,119.0,14.17509651184082,-111.0,13.915495872497559,7.0,3.0,0,1000000.0
4.784060955047607,4.002233982086182,240.0,13.915495872497559,-201.0,13.655895233154297,7.0,3.0,0,1000000.0
4.7704758644104,4.082890033721924,107.0,13.655895233154297,-87.0,13.3951997756958,7.0,3.0,0,1000000.0
4.591730117797852,4.64540958404541,249.0,13.3951997756958,-189.0,13.135599136352539,7.0,3.0,0,1000000.0
4.7216901779174805,4.713934421539307,231.0,13.135599136352539,-148.0,12.875998497009277,7.0,3.0,0,1000000.0
4.6731791496276855,4.414496898651123,163.0,12.875998497009277,-196.0,12.616397857666016,7.0,3.0,0,1000000.0
4.42888879776001,5.539410591125488,188.0,12.616397857666016,-166.0,12.356797218322754,7.0,2.0,0,1000000.0
4.61939001083374,5.5343403816223145,249.0,12.356797218322754,-237.0,12.097196578979492,7.0,2.0,0,1000000.0
4.387279987335205,4.901730537414551,207.0,12.097196578979492,-200.0,11.837495803833008,7.0,2.0,0,1000000.0
4.483226776123047,4.712635040283203,178.0,11.837495803833008,-196.0,11.576899528503418,7.0,2.0,0,1000000.0
4.278148174285889,4.997313499450684,183.0,11.576899528503418,-150.0,11.317198753356934,6.0,2.0,0,1000000.0
4.394836902618408,5.096526622772217,182.0,11.317198753356934,-142.0,11.057598114013672,7.0,2.0,0,1000000.0
4.273106098175049,5.307982921600342,194.0,11.057598114013672,-193.0,10.79799747467041,6.0,2.0,0,1000000.0
4.298464775085449,5.283876419067383,245.0,10.79799747467041,-233.0,10.538396835327148,7.0,2.0,0,1000000.0
4.448077201843262,5.321626663208008,258.0,10.538396835327148,-328.0,10.278796195983887,7.0,2.0,0,1000000.0
4.5965800285339355,5.591061115264893,184.0,10.278796195983887,-152.0,10.019195556640625,7.0,2.0,0,1000000.0
4.426651954650879,5.574103832244873,145.0,10.019195556640625,-143.0,9.758499145507812,7.0,2.0,0,1000000.0
4.2195658683776855,5.61433219909668,207.0,9.758499145507812,-216.0,9.498899459838867,6.0,2.0,0,1000000.0
4.209076881408691,5.5796332359313965,133.0,9.498899459838867,-108.0,9.239298820495605,7.0,2.0,0,1000000.0
4.316575050354004,6.26380729675293,231.0,9.239298820495605,-219.0,8.979698181152344,7.0,2.0,0,1000000.0
4.249424934387207,5.834639072418213,155.0,8.979698181152344,-149.0,8.71999740600586,7.0,2.0,0,1000000.0
4.074825763702393,6.564690589904785,229.0,8.71999740600586,-173.0,8.460396766662598,7.0,2.0,0,1000000.0
4.1257548332214355,7.288728713989258,229.0,8.460396766662598,-243.0,8.200796127319336,7.0,2.0,0,1000000.0
3.996156930923462,6.676215648651123,203.0,8.200796127319336,-198.0,7.940099716186523,6.0,2.0,0,1000000.0
4.176967144012451,6.777118682861328,212.0,7.940099716186523,-245.0,7.680499076843262,7.0,2.0,0,1000000.0
4.20383882522583,6.2961859703063965,165.0,7.680499076843262,-135.0,7.4208984375,7.0,2.0,0,1000000.0
4.198670864105225,7.139655113220215,294.0,7.4208984375,-257.0,7.161297798156738,7.0,2.0,0,1000000.0
4.443237781524658,15.176453590393066,1023.0,7.161297798156738,-1070.0,6.901697158813477,7.0,2.0,0,1000000.0
4.392975807189941,7.353453636169434,252.0,6.901697158813477,-224.0,6.642096519470215,7.0,2.0,0,1000000.0
4.386890888214111,7.925545692443848,238.0,6.642096519470215,-275.0,6.3823957443237305,7.0,2.0,0,1000000.0
4.257832050323486,8.912593841552734,489.0,6.3823957443237305,-639.0,6.121799945831299,7.0,2.0,0,1000000.0
4.379499912261963,6.524413585662842,230.0,6.121799945831299,-168.0,5.862199306488037,7.0,2.0,0,1000000.0
4.145012855529785,18.925548553466797,1940.0,5.862199306488037,-1706.0,5.602498531341553,7.0,1.0,0,1000000.0
4.0052170753479,6.86146354675293,275.0,5.602498531341553,-293.0,5.342897891998291,7.0,1.0,0,1000000.0
3.935159921646118,6.411403179168701,279.0,5.342897891998291,-216.0,5.083297252655029,6.0,1.0,0,1000000.0
3.905690908432007,6.681369781494141,273.0,5.083297252655029,-191.0,4.823696613311768,6.0,1.0,0,1000000.0
3.96370005607605,6.651551246643066,175.0,4.823696613311768,-159.0,4.564095973968506,6.0,1.0,0,1000000.0
4.079631805419922,6.864030361175537,250.0,4.564095973968506,-271.0,4.303400039672852,7.0,2.0,0,1000000.0
3.9884541034698486,7.719799041748047,258.0,4.303400039672852,-224.0,4.04379940032959,7.0,1.0,0,1000000.0
4.077146053314209,7.378030300140381,436.0,4.04379940032959,-291.0,3.784198522567749,7.0,2.0,0,1000000.0
4.417882919311523,10.26823902130127,652.0,3.784198522567749,-895.0,3.5245978832244873,7.0,2.0,0,1000000.0
4.398594856262207,8.16276741027832,349.0,3.5245978832244873,-423.0,3.264897346496582,7.0,2.0,0,1000000.0
4.524395942687988,8.34692668914795,420.0,3.264897346496582,-411.0,3.0052967071533203,7.0,2.0,0,1000000.0
4.420716762542725,8.288827896118164,406.0,3.0052967071533203,-383.0,2.7456960678100586,7.0,2.0,0,1000000.0
4.313523769378662,8.702516555786133,419.0,2.7456960678100586,-406.0,2.484999895095825,7.0,2.0,0,1000000.0
4.314712047576904,8.384442329406738,437.0,2.484999895095825,-456.0,2.2253992557525635,7.0,2.0,0,1000000.0
4.378798007965088,7.227456092834473,172.0,2.2253992557525635,-200.0,1.9657986164093018,7.0,2.0,0,1000000.0
4.465367794036865,20.43158721923828,1668.0,1.9657986164093018,-1577.0,1.70619797706604,7.0,2.0,0,1000000.0
4.689279079437256,6.9505085945129395,151.0,1.70619797706604,-137.0,1.4465973377227783,7.0,2.0,0,1000000.0
4.546844959259033,8.99221134185791,528.0,1.4465973377227783,-499.0,1.1869966983795166,7.0,2.0,0,1000000.0
4.464888095855713,7.9209418296813965,384.0,1.1869966983795166,-421.0,0.9273961186408997,7.0,2.0,0,1000000.0
4.340060234069824,8.513521194458008,408.0,0.9273961186408997,-443.0,0.6666999459266663,7.0,2.0,0,1000000.0
4.34032678604126,7.729042053222656,310.0,0.6666999459266663,-292.0,0.40709933638572693,7.0,2.0,0,1000000.0
4.229127883911133,48.868690490722656,3678.0,0.40709933638572693,-2860.0,0.1473986953496933,7.0,2.0,0,1000000.0
4.118451118469238,3.622488021850586,144.0,9.459500312805176,-142.0,0.000595510529819876,6.0,2.0,0,1000000.0
3.9055709838867188,4.382606506347656,327.0,9.347798347473145,-329.0,9.088197708129883,6.0,2.0,1,1000000.0
4.087767124176025,3.673758029937744,152.0,9.088197708129883,-166.0,8.828597068786621,6.0,2.0,0,1000000.0
4.229214191436768,3.6319074630737305,148.0,8.828597068786621,-117.0,8.56899642944336,6.0,2.0,0,1000000.0
4.059182167053223,3.5102827548980713,139.0,8.56899642944336,-127.0,8.309395790100098,6.0,2.0,0,1000000.0
4.0604658126831055,3.7542896270751953,154.0,8.309395790100098,-152.0,8.048699378967285,6.0,2.0,0,1000000.0
4.095976829528809,3.7907142639160156,135.0,8.048699378967285,-136.0,7.789098739624023,6.0,2.0,0,1000000.0
4.118307113647461,4.826153755187988,312.0,7.789098739624023,-317.0,7.529498100280762,6.0,2.0,0,1000000.0
4.129577159881592,4.07757568359375,132.0,7.529498100280762,-153.0,7.269797325134277,6.0,2.0,0,1000000.0
3.865341901779175,4.233639717102051,164.0,7.269797325134277,-110.0,7.010196685791016,6.0,2.0,0,1000000.0
3.8250529766082764,4.735998153686523,242.0,7.010196685791016,-208.0,6.750596046447754,6.0,2.0,0,1000000.0
4.01025390625,4.773534774780273,207.0,6.750596046447754,-204.0,6.490995407104492,6.0,2.0,0,1000000.0
4.036293983459473,5.145813465118408,199.0,6.490995407104492,-196.0,6.230299472808838,6.0,2.0,0,1000000.0
4.1441850662231445,5.628429412841797,238.0,6.230299472808838,-200.0,5.970698833465576,6.0,2.0,0,1000000.0
3.9832520484924316,5.244722843170166,203.0,5.970698833465576,-198.0,5.7110981941223145,6.0,2.0,0,1000000.0
3.942568063735962,5.477474212646484,181.0,5.7110981941223145,-147.0,5.451497554779053,6.0,2.0,0,1000000.0
3.9721250534057617,5.538084030151367,177.0,5.451497554779053,-163.0,5.191896915435791,6.0,2.0,0,1000000.0
4.0630269050598145,5.763533115386963,230.0,5.191896915435791,-189.0,4.932296276092529,6.0,2.0,0,1000000.0
4.255629062652588,5.776314735412598,189.0,4.932296276092529,-167.0,4.672595500946045,7.0,2.0,0,1000000.0
4.33276891708374,6.676819801330566,258.0,4.672595500946045,-351.0,4.411999702453613,7.0,2.0,0,1000000.0
4.313447952270508,6.873167037963867,310.0,4.411999702453613,-234.0,4.152298927307129,7.0,2.0,0,1000000.0
4.152304172515869,5.952402591705322,193.0,4.152298927307129,-166.0,3.892698287963867,6.0,2.0,0,1000000.0
3.8598270416259766,7.334713459014893,387.0,3.892698287963867,-364.0,3.6330976486206055,6.0,1.0,0,1000000.0
4.351698875427246,6.042144298553467,222.0,3.6330976486206055,-163.0,3.3734970092773438,7.0,2.0,0,1000000.0
4.466689109802246,10.194777488708496,739.0,3.3734970092773438,-855.0,3.113896369934082,7.0,2.0,0,1000000.0
4.332387924194336,7.071415424346924,272.0,3.113896369934082,-244.0,2.8542957305908203,7.0,2.0,0,1000000.0
4.466186046600342,29.931386947631836,3243.0,2.8542957305908203,-1897.0,2.593599557876587,7.0,2.0,0,1000000.0
4.52754020690918,14.46091365814209,1102.0,2.593599557876587,-942.0,2.333998918533325,7.0,2.0,0,1000000.0
4.482710838317871,6.626769065856934,209.0,2.333998918533325,-267.0,2.0743982791900635,7.0,2.0,0,1000000.0
4.62599515914917,7.368206024169922,336.0,2.0743982791900635,-284.0,1.8147977590560913,7.0,2.0,0,1000000.0
4.551137924194336,6.439387798309326,173.0,1.8147977590560913,-168.0,1.5550971031188965,7.0,2.0,0,1000000.0
4.666276931762695,7.154914855957031,448.0,1.5550971031188965,-392.0,1.2954964637756348,7.0,2.0,0,1000000.0
4.617587089538574,6.8359055519104,248.0,1.2954964637756348,-226.0,1.035895824432373,7.0,2.0,0,1000000.0
4.58211612701416,6.918663501739502,213.0,1.035895824432373,-227.0,0.7751996517181396,7.0,2.0,0,1000000.0
4.599098205566406,7.743052005767822,334.0,0.7751996517181396,-305.0,0.5155990719795227,7.0,2.0,0,1000000.0
4.290159225463867,50.276336669921875,4886.0,0.5155990123748779,-5008.0,0.2559984028339386,7.0,2.0,0,1000000.0
4.306621074676514,4.388406753540039,133.0,11.618599891662598,-125.0,0.0005955124506726861,6.0,2.0,0,1000000.0
4.3445048332214355,3.568345069885254,99.0,11.615397453308105,-81.0,11.355796813964844,6.0,2.0,1,1000000.0
4.372526168823242,4.033527851104736,259.0,11.355796813964844,-215.0,11.096196174621582,6.0,2.0,0,1000000.0
4.1632890701293945,3.791991949081421,166.0,11.096196174621582,-161.0,10.836495399475098,6.0,2.0,0,1000000.0
4.176596164703369,4.055525779724121,164.0,10.836495399475098,-179.0,10.575900077819824,6.0,2.0,0,1000000.0
4.150689125061035,3.6553761959075928,102.0,10.575900077819824,-99.0,10.316299438476562,6.0,2.0,0,1000000.0
4.383254051208496,4.186424732208252,156.0,10.316299438476562,-141.0,10.056598663330078,6.0,2.0,0,1000000.0
4.564763069152832,3.86283278465271,169.0,10.056598663330078,-132.0,9.796998023986816,7.0,3.0,0,1000000.0
4.488981246948242,3.49470853805542,64.0,9.796998023986816,-66.0,9.759795188903809,6.0,3.0,0,145480.0
